"address","street_number","route","neighborhood","locality","administrative_area_level_2","administrative_area_level_1","country","postal_code","address.1","street_number.1","route.1","political","administrative_area_level_2.1","administrative_area_level_1.1","country.1","postal_code.1","address.2","street_number.2","route.2","locality.1","administrative_area_level_2.2","administrative_area_level_1.2","country.2","postal_code.2","address.3","street_number.3","route.3","neighborhood.1","locality.2","administrative_area_level_1.3","country.3","postal_code.3","address.4","street_number.4","route.4","neighborhood.2","locality.3","administrative_area_level_2.3","administrative_area_level_1.4","country.4","postal_code.4","address.5","street_number.5","route.5","political.1","locality.4","administrative_area_level_2.4","administrative_area_level_1.5","country.5","postal_code.5","address.6","street_number.6","route.6","neighborhood.3","locality.5","administrative_area_level_2.5","administrative_area_level_1.6","country.6","postal_code.6","address.7","route.7","locality.6","postal_town","administrative_area_level_2.6","administrative_area_level_1.7","country.7","postal_code.7","address.8","street_number.7","route.8","political.2","locality.7","administrative_area_level_2.7","administrative_area_level_1.8","country.8","postal_code.8","address.9","street_number.8","route.9","political.3","locality.8","administrative_area_level_2.8","administrative_area_level_1.9","country.9","postal_code.9","address.10","address.11","route.10","establishment","neighborhood.4","locality.9","administrative_area_level_2.9","administrative_area_level_1.10","country.10","postal_code.10","address.12","street_number.9","route.11","neighborhood.5","locality.10","administrative_area_level_2.10","administrative_area_level_1.11","country.11","postal_code.11","postal_code_suffix","address.13","route.12","locality.11","postal_town.1","administrative_area_level_2.11","administrative_area_level_1.12","country.12","postal_code.12","address.14","street_number.10","route.13","locality.12","postal_town.2","administrative_area_level_2.12","administrative_area_level_1.13","country.13","postal_code.13","address.15","address.16","street_number.11","route.14","locality.13","administrative_area_level_3","administrative_area_level_2.13","administrative_area_level_1.14","country.14","postal_code.14","address.17","street_number.12","route.15","locality.14","administrative_area_level_2.14","administrative_area_level_1.15","country.15","postal_code.15","address.18","street_number.13","route.16","locality.15","administrative_area_level_3.1","administrative_area_level_2.15","administrative_area_level_1.16","country.16","postal_code.16","postal_code_suffix.1","address.19","route.17","neighborhood.6","locality.16","administrative_area_level_2.16","administrative_area_level_1.17","country.17","address.20","street_number.14","route.18","neighborhood.7","locality.17","administrative_area_level_2.17","administrative_area_level_1.18","country.18","postal_code.17","postal_code_suffix.2","address.21","city_hall","street_number.15","route.19","neighborhood.8","political.4","locality.18","administrative_area_level_2.18","administrative_area_level_1.19","country.19","postal_code.18","address.22","route.20","locality.19","postal_town.3","administrative_area_level_2.19","administrative_area_level_1.20","country.20","postal_code.19","address.23","street_number.16","route.21","neighborhood.9","locality.20","administrative_area_level_2.20","administrative_area_level_1.21","country.21","postal_code.20","address.24","street_number.17","route.22","political.5","locality.21","administrative_area_level_2.21","administrative_area_level_1.22","country.22","postal_code.21","address.25","street_number.18","route.23","postal_town.4","administrative_area_level_2.22","administrative_area_level_1.23","country.23","postal_code.22","address.26","address.27","street_number.19","route.24","locality.22","administrative_area_level_2.23","administrative_area_level_1.24","country.24","postal_code.23","postal_code_suffix.3","address.28","street_number.20","route.25","neighborhood.10","locality.23","administrative_area_level_2.24","administrative_area_level_1.25","country.25","postal_code.24","address.29","address.30","street_number.21","route.26","neighborhood.11","locality.24","administrative_area_level_2.25","administrative_area_level_1.26","country.26","postal_code.25","postal_code_suffix.4","address.31","street_number.22","route.27","neighborhood.12","locality.25","administrative_area_level_2.26","administrative_area_level_1.27","country.27","postal_code.26","address.32","route.28","postal_town.5","administrative_area_level_2.27","administrative_area_level_1.28","country.28","postal_code.27","address.33","street_number.23","route.29","political.6","locality.26","administrative_area_level_2.28","administrative_area_level_1.29","country.29","postal_code.28","address.34","route.30","locality.27","administrative_area_level_3.2","administrative_area_level_2.29","administrative_area_level_1.30","country.30","postal_code.29","address.35","street_number.24","route.31","political.7","locality.28","administrative_area_level_2.30","administrative_area_level_1.31","country.31","postal_code.30","address.36","street_number.25","route.32","neighborhood.13","political.8","locality.29","administrative_area_level_2.31","administrative_area_level_1.32","country.32","postal_code.31","address.37","street_number.26","route.33","political.9","political.10","locality.30","administrative_area_level_2.32","administrative_area_level_1.33","country.33","postal_code.32","address.38","street_number.27","route.34","locality.31","administrative_area_level_2.33","administrative_area_level_1.34","country.34","postal_code.33","address.39","street_number.28","route.35","political.11","political.12","administrative_area_level_4","administrative_area_level_3.3","administrative_area_level_2.34","administrative_area_level_1.35","country.35","postal_code.34","address.40","address.41","street_number.29","route.36","political.13","locality.32","administrative_area_level_2.35","administrative_area_level_1.36","country.36","address.42","street_number.30","route.37","political.14","administrative_area_level_2.36","administrative_area_level_1.37","country.37","postal_code.35","address.43","route.38","political.15","locality.33","administrative_area_level_2.37","administrative_area_level_1.38","country.38","postal_code.36","address.44","street_number.31","route.39","locality.34","administrative_area_level_2.38","administrative_area_level_1.39","country.39","postal_code.37","postal_code_suffix.5","address.45","street_number.32","route.40","locality.35","administrative_area_level_3.4","administrative_area_level_2.39","administrative_area_level_1.40","country.40","postal_code.38","address.46","street_number.33","route.41","locality.36","administrative_area_level_2.40","administrative_area_level_1.41","country.41","postal_code.39","address.47","street_number.34","route.42","neighborhood.14","locality.37","administrative_area_level_2.41","administrative_area_level_1.42","country.42","postal_code.40","address.48","street_number.35","route.43","locality.38","administrative_area_level_2.42","administrative_area_level_1.43","country.43","postal_code.41","address.49","premise","street_number.36","route.44","neighborhood.15","locality.39","administrative_area_level_2.43","administrative_area_level_1.44","country.44","postal_code.42","address.50","address.51","street_number.37","route.45","neighborhood.16","locality.40","administrative_area_level_1.45","country.45","postal_code.43","address.52","street_number.38","route.46","locality.41","administrative_area_level_3.5","administrative_area_level_2.44","administrative_area_level_1.46","country.46","postal_code.44","postal_code_suffix.6","address.53","street_number.39","route.47","locality.42","administrative_area_level_2.45","administrative_area_level_1.47","country.47","postal_code.45","address.54","street_number.40","route.48","locality.43","administrative_area_level_2.46","administrative_area_level_1.48","country.48","postal_code.46","address.55","premise.1","street_number.41","route.49","neighborhood.17","locality.44","administrative_area_level_2.47","administrative_area_level_1.49","country.49","postal_code.47","address.56","street_number.42","route.50","locality.45","postal_town.6","administrative_area_level_2.48","administrative_area_level_1.50","country.50","postal_code.48","address.57","street_number.43","route.51","locality.46","administrative_area_level_2.49","administrative_area_level_1.51","country.51","postal_code.49","postal_code_suffix.7","address.58","street_number.44","route.52","locality.47","administrative_area_level_2.50","administrative_area_level_1.52","country.52","postal_code.50","address.59","street_number.45","route.53","locality.48","administrative_area_level_2.51","administrative_area_level_1.53","country.53","postal_code.51","address.60","route.54","locality.49","administrative_area_level_2.52","administrative_area_level_1.54","country.54","postal_code.52","address.61","street_number.46","route.55","locality.50","postal_town.7","administrative_area_level_2.53","administrative_area_level_1.55","country.55","postal_code.53","address.62","street_number.47","route.56","locality.51","administrative_area_level_2.54","administrative_area_level_1.56","country.56","postal_code.54","address.63","street_number.48","route.57","locality.52","postal_town.8","administrative_area_level_2.55","administrative_area_level_1.57","country.57","postal_code.55","address.64","street_number.49","route.58","neighborhood.18","locality.53","administrative_area_level_2.56","administrative_area_level_1.58","country.58","postal_code.56","postal_code_suffix.8","address.65","route.59","postal_town.9","administrative_area_level_2.57","administrative_area_level_1.59","country.59","postal_code.57","address.66","route.60","administrative_area_level_4.1","administrative_area_level_3.6","administrative_area_level_2.58","administrative_area_level_1.60","country.60","postal_code.58","address.67","street_number.50","route.61","neighborhood.19","locality.54","administrative_area_level_2.59","administrative_area_level_1.61","country.61","postal_code.59","address.68","street_number.51","route.62","locality.55","postal_town.10","administrative_area_level_2.60","administrative_area_level_1.62","country.62","postal_code.60","address.69","route.63","locality.56","administrative_area_level_2.61","administrative_area_level_1.63","country.63","postal_code.61","address.70","street_number.52","route.64","political.16","locality.57","administrative_area_level_2.62","administrative_area_level_1.64","country.64","postal_code.62","address.71","street_number.53","route.65","political.17","locality.58","administrative_area_level_2.63","administrative_area_level_1.65","country.65","postal_code.63","address.72","street_number.54","route.66","locality.59","postal_town.11","administrative_area_level_2.64","administrative_area_level_1.66","country.66","postal_code.64","address.73","route.67","postal_town.12","administrative_area_level_2.65","administrative_area_level_1.67","country.67","postal_code.65","address.74","street_number.55","route.68","neighborhood.20","locality.60","administrative_area_level_2.66","administrative_area_level_1.68","country.68","postal_code.66","address.75","route.69","locality.61","administrative_area_level_2.67","administrative_area_level_1.69","country.69","postal_code.67","address.76","street_number.56","route.70","neighborhood.21","locality.62","administrative_area_level_2.68","administrative_area_level_1.70","country.70","postal_code.68","address.77","route.71","locality.63","administrative_area_level_2.69","administrative_area_level_1.71","country.71","postal_code.69","address.78","street_number.57","route.72","political.18","locality.64","administrative_area_level_2.70","administrative_area_level_1.72","country.72","postal_code.70","address.79","street_number.58","route.73","locality.65","administrative_area_level_2.71","administrative_area_level_1.73","country.73","postal_code.71","address.80","street_number.59","route.74","locality.66","administrative_area_level_2.72","administrative_area_level_1.74","country.74","postal_code.72","address.81","city_hall.1","street_number.60","route.75","neighborhood.22","political.19","locality.67","administrative_area_level_2.73","administrative_area_level_1.75","country.75","postal_code.73","address.82","street_number.61","route.76","locality.68","postal_town.13","administrative_area_level_2.74","administrative_area_level_1.76","country.76","postal_code.74","address.83","street_number.62","route.77","neighborhood.23","locality.69","administrative_area_level_2.75","administrative_area_level_1.77","country.77","postal_code.75","postal_code_suffix.9","address.84","route.78","locality.70","administrative_area_level_2.76","administrative_area_level_1.78","country.78","postal_code.76","address.85","street_number.63","route.79","locality.71","administrative_area_level_3.7","administrative_area_level_2.77","administrative_area_level_1.79","country.79","postal_code.77","address.86","route.80","locality.72","administrative_area_level_2.78","administrative_area_level_1.80","country.80","postal_code.78","address.87","street_number.64","route.81","locality.73","postal_town.14","administrative_area_level_2.79","administrative_area_level_1.81","country.81","postal_code.79","address.88","street_number.65","route.82","neighborhood.24","locality.74","administrative_area_level_2.80","administrative_area_level_1.82","country.82","postal_code.80","address.89","street_number.66","route.83","neighborhood.25","political.20","locality.75","administrative_area_level_2.81","administrative_area_level_1.83","country.83","postal_code.81","address.90","street_number.67","route.84","locality.76","administrative_area_level_3.8","administrative_area_level_2.82","administrative_area_level_1.84","country.84","address.91","street_number.68","route.85","locality.77","administrative_area_level_2.83","administrative_area_level_1.85","country.85","postal_code.82","postal_code_suffix.10","address.92","street_number.69","route.86","political.21","locality.78","administrative_area_level_2.84","administrative_area_level_1.86","country.86","postal_code.83","address.93","street_number.70","route.87","locality.79","administrative_area_level_3.9","administrative_area_level_2.85","administrative_area_level_1.87","country.87","postal_code.84","postal_code_suffix.11","address.94","street_number.71","route.88","neighborhood.26","locality.80","administrative_area_level_1.88","country.88","postal_code.85","postal_code_suffix.12","address.95","street_number.72","route.89","political.22","locality.81","administrative_area_level_2.86","administrative_area_level_1.89","country.89","postal_code.86","address.96","street_number.73","route.90","postal_town.15","administrative_area_level_2.87","administrative_area_level_1.90","country.90","postal_code.87","address.97","street_number.74","route.91","locality.82","administrative_area_level_2.88","administrative_area_level_1.91","country.91","postal_code.88","address.98","street_number.75","route.92","locality.83","administrative_area_level_3.10","administrative_area_level_2.89","administrative_area_level_1.92","country.92","postal_code.89","address.99","premise.2","premise.3","political.23","locality.84","administrative_area_level_1.93","country.93","postal_code.90","address.100","street_number.76","route.93","locality.85","administrative_area_level_3.11","administrative_area_level_2.90","administrative_area_level_1.94","country.94","postal_code.91","postal_code_suffix.13","address.101","street_number.77","route.94","locality.86","administrative_area_level_2.91","administrative_area_level_1.95","country.95","postal_code.92","address.102","street_number.78","route.95","neighborhood.27","locality.87","administrative_area_level_2.92","administrative_area_level_1.96","country.96","postal_code.93","postal_code_suffix.14","address.103","route.96","locality.88","administrative_area_level_2.93","administrative_area_level_1.97","country.97","postal_code.94","address.104","address.105","street_number.79","route.97","locality.89","administrative_area_level_3.12","administrative_area_level_2.94","administrative_area_level_1.98","country.98","address.106","street_number.80","route.98","locality.90","administrative_area_level_3.13","administrative_area_level_2.95","administrative_area_level_1.99","country.99","address.107","street_number.81","route.99","political.24","locality.91","administrative_area_level_2.96","administrative_area_level_1.100","country.100","postal_code.95","address.108","route.100","locality.92","administrative_area_level_2.97","administrative_area_level_1.101","country.101","postal_code.96","address.109","street_number.82","route.101","political.25","locality.93","administrative_area_level_2.98","administrative_area_level_1.102","country.102","postal_code.97","address.110","address.111","street_number.83","route.102","political.26","locality.94","administrative_area_level_2.99","administrative_area_level_1.103","country.103","postal_code.98","address.112","street_number.84","route.103","political.27","locality.95","administrative_area_level_2.100","administrative_area_level_1.104","country.104","postal_code.99","address.113","street_number.85","route.104","neighborhood.28","locality.96","administrative_area_level_2.101","administrative_area_level_1.105","country.105","postal_code.100","postal_code_suffix.15","address.114","address.115","address.116","street_number.86","route.105","political.28","locality.97","administrative_area_level_2.102","administrative_area_level_1.106","country.106","postal_code.101","address.117","city_hall.2","street_number.87","route.106","neighborhood.29","political.29","locality.98","administrative_area_level_2.103","administrative_area_level_1.107","country.107","postal_code.102","address.118","street_number.88","route.107","neighborhood.30","locality.99","country.108","postal_code.103","address.119","street_number.89","route.108","neighborhood.31","locality.100","administrative_area_level_2.104","administrative_area_level_1.108","country.109","postal_code.104","address.120","street_number.90","route.109","locality.101","administrative_area_level_2.105","administrative_area_level_1.109","country.110","postal_code.105","address.121","street_number.91","route.110","political.30","locality.102","administrative_area_level_2.106","administrative_area_level_1.110","country.111","postal_code.106","address.122","street_number.92","route.111","neighborhood.32","locality.103","administrative_area_level_3.14","administrative_area_level_2.107","administrative_area_level_1.111","country.112","postal_code.107","postal_code_suffix.16","address.123","address.124","street_number.93","route.112","neighborhood.33","locality.104","administrative_area_level_2.108","administrative_area_level_1.112","country.113","postal_code.108","address.125","route.113","locality.105","administrative_area_level_2.109","administrative_area_level_1.113","country.114","postal_code.109","address.126","street_number.94","route.114","neighborhood.34","locality.106","administrative_area_level_2.110","administrative_area_level_1.114","country.115","postal_code.110","address.127","street_number.95","route.115","locality.107","administrative_area_level_2.111","administrative_area_level_1.115","country.116","postal_code.111","postal_code_suffix.17","address.128","address.129","route.116","locality.108","administrative_area_level_2.112","administrative_area_level_1.116","country.117","postal_code.112","address.130","street_number.96","route.117","locality.109","administrative_area_level_2.113","administrative_area_level_1.117","country.118","postal_code.113","address.131","street_number.97","route.118","political.31","locality.110","administrative_area_level_2.114","administrative_area_level_1.118","country.119","postal_code.114","address.132","street_number.98","route.119","neighborhood.35","locality.111","administrative_area_level_2.115","administrative_area_level_1.119","country.120","postal_code.115","postal_code_suffix.18","address.133","address.134","premise.4","neighborhood.36","locality.112","administrative_area_level_2.116","administrative_area_level_1.120","country.121","postal_code.116","address.135","street_number.99","route.120","political.32","locality.113","administrative_area_level_2.117","administrative_area_level_1.121","country.122","postal_code.117","address.136","street_number.100","route.121","political.33","locality.114","administrative_area_level_2.118","administrative_area_level_1.122","country.123","postal_code.118","address.137","route.122","administrative_area_level_2.119","administrative_area_level_1.123","country.124","address.138","premise.5","street_number.101","route.123","locality.115","postal_town.16","administrative_area_level_2.120","administrative_area_level_1.124","country.125","postal_code.119","address.139","street_number.102","route.124","neighborhood.37","locality.116","administrative_area_level_2.121","administrative_area_level_1.125","country.126","postal_code.120","address.140","street_number.103","route.125","neighborhood.38","political.34","locality.117","administrative_area_level_2.122","administrative_area_level_1.126","country.127","postal_code.121","address.141","street_number.104","route.126","administrative_area_level_4.2","administrative_area_level_3.15","administrative_area_level_2.123","administrative_area_level_1.127","country.128","postal_code.122","address.142","street_number.105","route.127","political.35","locality.118","administrative_area_level_2.124","administrative_area_level_1.128","country.129","postal_code.123","address.143","street_number.106","route.128","neighborhood.39","locality.119","administrative_area_level_3.16","administrative_area_level_2.125","administrative_area_level_1.129","country.130","postal_code.124","address.144","street_number.107","route.129","neighborhood.40","locality.120","administrative_area_level_2.126","administrative_area_level_1.130","country.131","postal_code.125","address.145","route.130","locality.121","postal_town.17","administrative_area_level_2.127","administrative_area_level_1.131","country.132","postal_code.126","address.146","city_hall.3","street_number.108","route.131","neighborhood.41","political.36","locality.122","administrative_area_level_2.128","administrative_area_level_1.132","country.133","postal_code.127","address.147","route.132","political.37","locality.123","administrative_area_level_1.133","country.134","postal_code.128","address.148","street_number.109","route.133","locality.124","administrative_area_level_3.17","administrative_area_level_2.129","administrative_area_level_1.134","country.135","postal_code.129","address.149","city_hall.4","street_number.110","route.134","neighborhood.42","political.38","locality.125","administrative_area_level_2.130","administrative_area_level_1.135","country.136","postal_code.130","address.150","street_number.111","route.135","political.39","locality.126","administrative_area_level_2.131","administrative_area_level_1.136","country.137","postal_code.131","address.151","address.152","establishment.1","political.40","political.41","locality.127","administrative_area_level_1.137","country.138","postal_code.132","address.153","postal_code.133","administrative_area_level_2.132","administrative_area_level_1.138","country.139","address.154","street_number.112","route.136","political.42","locality.128","administrative_area_level_2.133","administrative_area_level_1.139","country.140","postal_code.134","address.155","street_number.113","route.137","political.43","administrative_area_level_2.134","administrative_area_level_1.140","country.141","postal_code.135","address.156","premise.6","street_number.114","route.138","locality.129","administrative_area_level_2.135","administrative_area_level_1.141","country.142","postal_code.136","address.157","street_number.115","route.139","political.44","locality.130","administrative_area_level_2.136","administrative_area_level_1.142","country.143","postal_code.137","address.158","street_number.116","route.140","neighborhood.43","locality.131","administrative_area_level_3.18","administrative_area_level_2.137","administrative_area_level_1.143","country.144","postal_code.138","address.159","address.160","address.161","street_number.117","route.141","locality.132","administrative_area_level_2.138","administrative_area_level_1.144","country.145","postal_code.139","postal_code_suffix.19","address.162","street_number.118","route.142","neighborhood.44","locality.133","administrative_area_level_3.19","administrative_area_level_2.139","administrative_area_level_1.145","country.146","postal_code.140","address.163","address.164","street_number.119","route.143","locality.134","administrative_area_level_2.140","administrative_area_level_1.146","country.147","postal_code.141","address.165","address.166","street_number.120","route.144","neighborhood.45","locality.135","administrative_area_level_2.141","administrative_area_level_1.147","country.148","postal_code.142","address.167","street_number.121","route.145","political.45","locality.136","administrative_area_level_2.142","administrative_area_level_1.148","country.149","postal_code.143","address.168","street_number.122","route.146","neighborhood.46","locality.137","administrative_area_level_2.143","administrative_area_level_1.149","country.150","postal_code.144","address.169","route.147","administrative_area_level_4.3","administrative_area_level_2.144","administrative_area_level_1.150","country.151","postal_code.145","address.170","street_number.123","route.148","locality.138","postal_town.18","administrative_area_level_2.145","administrative_area_level_1.151","country.152","postal_code.146","address.171","establishment.2","administrative_area_level_4.4","administrative_area_level_2.146","administrative_area_level_1.152","country.153","postal_code.147","address.172","street_number.124","route.149","locality.139","administrative_area_level_2.147","administrative_area_level_1.153","country.154","postal_code.148","postal_code_suffix.20","address.173","street_number.125","route.150","locality.140","administrative_area_level_2.148","administrative_area_level_1.154","country.155","postal_code.149","address.174","street_number.126","route.151","neighborhood.47","locality.141","administrative_area_level_2.149","administrative_area_level_1.155","country.156","postal_code.150","postal_code_suffix.21","address.175","address.176","street_number.127","route.152","locality.142","administrative_area_level_3.20","administrative_area_level_2.150","administrative_area_level_1.156","country.157","address.177","address.178","route.153","administrative_area_level_3.21","administrative_area_level_2.151","administrative_area_level_1.157","country.158","postal_code.151","address.179","street_number.128","route.154","neighborhood.48","locality.143","administrative_area_level_2.152","administrative_area_level_1.158","country.159","postal_code.152","address.180","street_number.129","route.155","locality.144","administrative_area_level_2.153","administrative_area_level_1.159","country.160","postal_code.153","address.181","street_number.130","route.156","political.46","locality.145","administrative_area_level_2.154","administrative_area_level_1.160","country.161","postal_code.154","address.182","city_hall.5","street_number.131","route.157","neighborhood.49","political.47","locality.146","administrative_area_level_2.155","administrative_area_level_1.161","country.162","postal_code.155","address.183","street_number.132","route.158","political.48","locality.147","administrative_area_level_2.156","administrative_area_level_1.162","country.163","postal_code.156","address.184","street_number.133","route.159","neighborhood.50","locality.148","administrative_area_level_2.157","administrative_area_level_1.163","country.164","postal_code.157","address.185","route.160","locality.149","administrative_area_level_2.158","administrative_area_level_1.164","country.165","postal_code.158","address.186","street_number.134","route.161","neighborhood.51","political.49","locality.150","administrative_area_level_2.159","administrative_area_level_1.165","country.166","postal_code.159","address.187","route.162","locality.151","administrative_area_level_2.160","administrative_area_level_1.166","country.167","postal_code.160","address.188","street_number.135","route.163","neighborhood.52","locality.152","administrative_area_level_2.161","administrative_area_level_1.167","country.168","postal_code.161","address.189","street_number.136","route.164","political.50","locality.153","administrative_area_level_2.162","administrative_area_level_1.168","country.169","postal_code.162","address.190","street_number.137","route.165","political.51","administrative_area_level_2.163","administrative_area_level_1.169","country.170","postal_code.163","address.191","street_number.138","route.166","political.52","locality.154","administrative_area_level_2.164","administrative_area_level_1.170","country.171","postal_code.164","address.192","street_number.139","route.167","locality.155","administrative_area_level_2.165","administrative_area_level_1.171","country.172","postal_code.165","postal_code_suffix.22","address.193","street_number.140","route.168","political.53","locality.156","administrative_area_level_2.166","administrative_area_level_1.172","country.173","postal_code.166","address.194","premise.7","neighborhood.53","locality.157","administrative_area_level_2.167","administrative_area_level_1.173","country.174","postal_code.167","address.195","street_number.141","route.169","political.54","locality.158","administrative_area_level_2.168","administrative_area_level_1.174","country.175","postal_code.168","address.196","street_number.142","route.170","locality.159","administrative_area_level_2.169","administrative_area_level_1.175","country.176","postal_code.169","address.197","street_number.143","route.171","political.55","locality.160","administrative_area_level_2.170","administrative_area_level_1.176","country.177","postal_code.170","address.198","route.172","locality.161","postal_town.19","administrative_area_level_2.171","administrative_area_level_1.177","country.178","postal_code.171","address.199","street_number.144","route.173","political.56","locality.162","administrative_area_level_2.172","administrative_area_level_1.178","country.179","postal_code.172"
"301-399 S 4th St, Minneapolis, MN 55401, USA","301-399","South 4th Street","Central Minneapolis","Minneapolis","Hennepin County","Minnesota","United States","55401","Av fortaleza galpao 07, 573 - itinga, Nova Nazaré - MT, 42700-000, Brazil","573","Av fortaleza galpao 07","itinga","Nova Nazaré","Mato Grosso","Brazil","42700-000","105 N Amherst St, Earth, TX 79031, USA","105","North Amherst Street","Earth","Lamb County","Texas","United States","79031","201-211 E Fayette St, Baltimore, MD 21202, USA","201-211","East Fayette Street","Downtown","Baltimore","Maryland","United States","21202","13 Water St, Guilford, ME 04443, USA","13","Water Street","Guilford","Guilford","Piscataquis County","Maine","United States","04443","Av. Pres. Antônio Carlos, 10 - Centro, Rio de Janeiro - RJ, 20020-010, Brazil","10","Avenida Presidente Antônio Carlos","Centro","Rio de Janeiro","Rio de Janeiro","Rio de Janeiro","Brazil","20020-010","1500 PA-3, Philadelphia, PA 19102, USA","1500","Pennsylvania 3","Center City","Philadelphia","Philadelphia County","Pennsylvania","United States","19102","A4, London WC2N 5DU, UK","A4","London","London","Greater London","England","United Kingdom","WC2N 5DU","Av. Pres. Antônio Carlos, 10 - Centro, Rio de Janeiro - RJ, 20020-010, Brazil","10","Avenida Presidente Antônio Carlos","Centro","Rio de Janeiro","Rio de Janeiro","Rio de Janeiro","Brazil","20020-010","Av. Pres. Antônio Carlos, 10 - Centro, Rio de Janeiro - RJ, 20020-010, Brazil","10","Avenida Presidente Antônio Carlos","Centro","Rio de Janeiro","Rio de Janeiro","Rio de Janeiro","Brazil","20020-010",NA,"Famous & Original King of Pizza, NJ-70, Cherry Hill, NJ 08034, USA","New Jersey 70","Famous & Original King of Pizza","Erlton-Ellisburg","Cherry Hill","Camden County","New Jersey","United States","08034","1200 N Cahuenga Blvd, Los Angeles, CA 90038, USA","1200","North Cahuenga Boulevard","Central LA","Los Angeles","Los Angeles County","California","United States","90038","1604","A4, London WC2N 5DU, UK","A4","London","London","Greater London","England","United Kingdom","WC2N 5DU","87 Midton Rd, Prestwick KA9 1PL, UK","87","Midton Road","Prestwick","Prestwick","South Ayrshire","Scotland","United Kingdom","KA9 1PL",NA,"7612 Mud Fork Rd, Bluefield, VA 24605, USA","7612","Mud Fork Road","Bluefield","Northern","Tazewell County","Virginia","United States","24605","338-352 Bourke St, Melbourne VIC 3004, Australia","338-352","Bourke Street","Melbourne","Melbourne City","Victoria","Australia","3004","203 S Martin Jischke Dr, West Lafayette, IN 47907, USA","203","South Martin Jischke Drive","West Lafayette","Wabash Township","Tippecanoe County","Indiana","United States","47907","1971","N Earl St, North City, Dublin, Ireland","North Earl Street","North City","Dublin","Dublin City","County Dublin","Ireland","15 State St, Orem, UT 84058, USA","15","State Street","Scera Park North","Orem","Utah County","Utah","United States","84058","5417","New York City Hall, 11 Centre St, New York, NY 10007, USA","New York City Hall","11","Centre Street","Lower Manhattan","Manhattan","New York","New York County","New York","United States","10007","A386, Plymouth PL4 6AQ, UK","Saltash Road","Plymouth","Plymouth","Plymouth","England","United Kingdom","PL4 6AQ","1502 Marilla St, Dallas, TX 75201, USA","1502","Marilla Street","Downtown","Dallas","Dallas County","Texas","United States","75201","PE-001, 498 - Santo Amaro, Recife - PE, Brazil","498","PE-001","Santo Amaro","Recife","Recife","Pernambuco","Brazil","50040","117 Milwich Rd, Stafford ST18, UK","117","Milwich Road","Stafford","Staffordshire","England","United Kingdom","ST18",NA,"300 N Campbell St, El Paso, TX 79901, USA","300","North Campbell Street","El Paso","El Paso County","Texas","United States","79901","1402","1261 Alessandro Dr, Thousand Oaks, CA 91320, USA","1261","Alessandro Drive","Newbury Park","Thousand Oaks","Ventura County","California","United States","91320",NA,"1500-1524 Market St, San Francisco, CA 94102, USA","1500-1524","Market Street","South of Market","San Francisco","San Francisco County","California","United States","94102","6007","60 Park Pl, Newark, NJ 07102, USA","60","Park Place","Central Business District","Newark","Essex County","New Jersey","United States","07102","Unnamed Road, Penrith CA10 2QL, UK","Unnamed Road","Penrith","Cumbria","England","United Kingdom","CA10 2QL","105 Albertina Sisulu Rd, Johannesburg, 2000, South Africa","105","Albertina Sisulu Road","Johannesburg","Johannesburg","City of Johannesburg Metropolitan Municipality","Gauteng","South Africa","2000","Unnamed Road, Holtville, NB E9C, Canada","Unnamed Road","Holtville","Ludlow","Northumberland County","New Brunswick","Canada","E9C","Av. Pres. Antônio Carlos, 10 - Centro, Rio de Janeiro - RJ, 20020-010, Brazil","10","Avenida Presidente Antônio Carlos","Centro","Rio de Janeiro","Rio de Janeiro","Rio de Janeiro","Brazil","20020-010","365 Bloor St E, Toronto, ON M4W, Canada","365","Bloor Street East","Downtown","Old Toronto","Toronto","Toronto Division","Ontario","Canada","M4W","9-10-421, Fort Rd, Resham Bagh, Golconda Fort, Hyderabad, Telangana 500008, India","9-10-421","Fort Road","Resham Bagh","Golconda Fort","Hyderabad","Hyderabad","Telangana","India","500008","34500 US-20, Brothers, OR 97712, USA","34500","U.S. 20","Brothers","Deschutes County","Oregon","United States","97712","Jl. Cempaka Putih Tengah XV No.16, Cemp. Putih Tim., Cemp. Putih, Kota Jakarta Pusat, Daerah Khusus Ibukota Jakarta 10510, Indonesia","16","Jalan Cempaka Putih Tengah XV","","","Cempaka Putih Timur","Cempaka Putih","Kota Jakarta Pusat","Daerah Khusus Ibukota Jakarta","Indonesia","10510",NA,"5 de Mayo y o Av. F 284, Zona Nte., Tijuana, B.C., Mexico","284","Avenida F","Zona Norte","Tijuana","Tijuana","Baja California","Mexico","Av fortaleza galpao 07, 573 - itinga, Nova Nazaré - MT, 42700-000, Brazil","573","Av fortaleza galpao 07","itinga","Nova Nazaré","Mato Grosso","Brazil","42700-000","Unnamed Road, Groblershoop, 8850, South Africa","Unnamed Road","Groblershoop","Groblershoop","Benede Oranje","Northern Cape","South Africa","8850","4142 Fish Hatchery Rd, Gaston, SC 29053, USA","4142","Fish Hatchery Road","Gaston","Lexington County","South Carolina","United States","29053","9490","6000 Reynolds Dr, Rochester, NY 14623, USA","6000","Reynolds Drive","Rochester","Henrietta","Monroe County","New York","United States","14623","300 City Centre Dr, Mississauga, ON L5B 2G6, Canada","300","City Centre Drive","Mississauga","Peel Regional Municipality","Ontario","Canada","L5B 2G6","195-199 E Santa Clara St, San Jose, CA 95113, USA","195-199","East Santa Clara Street","Central San Jose","San Jose","Santa Clara County","California","United States","95113","Plaza Puerta del Sol, 11, 28013 Madrid, Spain","11","Plaza Puerta del Sol","Madrid","Madrid","Comunidad de Madrid","Spain","28013","Devon Tower, 333 W Sheridan Ave, Oklahoma City, OK 73102, USA","Devon Tower","333","West Sheridan Avenue","Central Oklahoma City","Oklahoma City","Oklahoma County","Oklahoma","United States","73102",NA,"1 Scott Cir NW, Washington, DC 20036, USA","1","Scott Circle Northwest","Northwest Washington","Washington","District of Columbia","United States","20036","345 McCoy Rd, Apex, NC 27523, USA","345","McCoy Road","Apex","New Hope","Chatham County","North Carolina","United States","27523","5622","100 N Broadway St, Poteau, OK 74953, USA","100","North Broadway Street","Poteau","Le Flore County","Oklahoma","United States","74953","2505 Mill Center Pkwy, Buford, GA 30518, USA","2505","Mill Center Parkway","Buford","Gwinnett County","Georgia","United States","30518","Ohio State Capitol, 1 Capitol Square, Columbus, OH 43215, USA","Ohio State Capitol","1","Capitol Square","Downtown","Columbus","Franklin County","Ohio","United States","43215","200 Above Bar St, Southampton SO14 7DW, UK","200","Above Bar Street","Southampton","Southampton","Southampton","England","United Kingdom","SO14 7DW","200 Dousman St, Green Bay, WI 54303, USA","200","Dousman Street","Green Bay","Brown County","Wisconsin","United States","54303","2712","1900 US-31, Bay Minette, AL 36507, USA","1900","U.S. 31","Bay Minette","Baldwin County","Alabama","United States","36507","425 E Washington St, Ann Arbor, MI 48104, USA","425","East Washington Street","Ann Arbor","Washtenaw County","Michigan","United States","48104","US-380, Picacho, NM 88343, USA","U.S. 380","Picacho","Lincoln County","New Mexico","United States","88343","4 St Andrew's St, Cambridge CB2 3AX, UK","4","Saint Andrew's Street","Cambridge","Cambridge","Cambridgeshire","England","United Kingdom","CB2 3AX","134 Olive Branch, Anderson, SC 29626, USA","134","Olive Branch","Anderson","Anderson County","South Carolina","United States","29626","30 Market Pl, Newbury RG14 5AG, UK","30","Market Place","Newbury","Newbury","West Berkshire","England","United Kingdom","RG14 5AG","1500-1524 Market St, San Francisco, CA 94102, USA","1500-1524","Market Street","South of Market","San Francisco","San Francisco County","California","United States","94102","6007","A696, Newcastle upon Tyne NE19 1BN, UK","A696","Newcastle upon Tyne","Northumberland","England","United Kingdom","NE19 1BN","Unnamed Road, Makmur, Wonosari, Kabupaten Boalemo, Gorontalo 96262, Indonesia","Unnamed Road","Makmur","Wonosari","Kabupaten Boalemo","Gorontalo","Indonesia","96262","101 S Main St, Los Angeles, CA 90012, USA","101","South Main Street","Central LA","Los Angeles","Los Angeles County","California","United States","90012","1 Buckle Cl, Luton LU3 3SZ, UK","1","Buckle Close","Luton","Luton","Luton","England","United Kingdom","LU3 3SZ","Co Rd A021, Deming, NM 88030, USA","County Road A021","Deming","Luna County","New Mexico","United States","88030","Av. do Taboão, 3769 - Taboão, São Bernardo do Campo - SP, Brazil","3769","Avenida do Taboão","Taboão","São Bernardo do Campo","São Bernardo do Campo","São Paulo","Brazil","09655","R. Ilha de Malta, 452-476 - São Gabriel, Belo Horizonte - MG, 31980-390, Brazil","452-476","Rua Ilha de Malta","São Gabriel","Belo Horizonte","Belo Horizonte","Minas Gerais","Brazil","31980-390","98 King St, Manchester M2 4WU, UK","98","King Street","Manchester","Manchester","Greater Manchester","England","United Kingdom","M2 4WU","Unnamed Road, Killin FK21 8SY, UK","Unnamed Road","Killin","Stirling","Scotland","United Kingdom","FK21 8SY","1500 PA-3, Philadelphia, PA 19102, USA","1500","Pennsylvania 3","Center City","Philadelphia","Philadelphia County","Pennsylvania","United States","19102","Lockhart Ave, Harwood, TX 78632, USA","Lockhart Avenue","Harwood","Gonzales County","Texas","United States","78632","409 S 5th St, Louisville, KY 40202, USA","409","South 5th Street","Downtown","Louisville","Jefferson County","Kentucky","United States","40202","Co Rd A021, Deming, NM 88030, USA","County Road A021","Deming","Luna County","New Mexico","United States","88030","R. 108, 34-108 - St. Sul, Goiânia - GO, 74085-080, Brazil","34-108","Rua 108","Setor Sul","Goiânia","Goiânia","Goiás","Brazil","74085-080","2375 International Pkwy, Dallas, TX 75261, USA","2375","International Parkway","Dallas","Tarrant County","Texas","United States","75261","2630 Croydon Drive, Sanger, CA 93657, USA","2630","Croydon Drive","Sanger","Fresno County","California","United States","93657","New York City Hall, 11 Centre St, New York, NY 10007, USA","New York City Hall","11","Centre Street","Lower Manhattan","Manhattan","New York","New York County","New York","United States","10007","83 Aston St, Birmingham B4 7DA, UK","83","Aston Street","Birmingham","Birmingham","West Midlands","England","United Kingdom","B4 7DA","1500-1524 Market St, San Francisco, CA 94102, USA","1500-1524","Market Street","South of Market","San Francisco","San Francisco County","California","United States","94102","6007","Success Rd, Jackson, NJ 08527, USA","Success Road","Jackson","Ocean County","New Jersey","United States","08527","Piazza della Repubblica, 10, 00185 Roma RM, Italy","10","Piazza della Repubblica","Roma","Roma","Città Metropolitana di Roma","Lazio","Italy","00185","N Des Bee Dove Rd, Orangeville, UT 84537, USA","North Des Bee Dove Road","Orangeville","Emery County","Utah","United States","84537","1 Tithebarn St, Liverpool L2, UK","1","Tithebarn Street","Liverpool","Liverpool","Merseyside","England","United Kingdom","L2","500-534 Beryl St, Redondo Beach, CA 90277, USA","500-534","Beryl Street","South Redondo","Redondo Beach","Los Angeles County","California","United States","90277","333 E 38th St, New York, NY 10016, USA","333","East 38th Street","Midtown","Manhattan","New York","New York County","New York","United States","10016","Juan Antonio Ríos 280-282, Coquimbo, Región de Coquimbo, Chile","280-282","Juan Antonio Ríos","Coquimbo","Coquimbo","Elqui","Región de Coquimbo","Chile","5835 Lamar Ave, Mission, KS 66202, USA","5835","Lamar Avenue","Mission","Johnson County","Kansas","United States","66202","2648","R. Princesa Isabel, 72 - Centro, Petrolina - PE, 56304-510, Brazil","72","Rua Princesa Isabel","Centro","Petrolina","Petrolina","Pernambuco","Brazil","56304-510","6100 Stilwell St, Kansas City, MO 64120, USA","6100","Stilwell Street","Kansas City","Blue Township","Jackson County","Missouri","United States","64120","1240","1201-1299 G St NW, Washington, DC 20005, USA","1201-1299","G Street Northwest","Northwest Washington","Washington","District of Columbia","United States","20005","3809","Av. Pres. Antônio Carlos, 10 - Centro, Rio de Janeiro - RJ, 20020-010, Brazil","10","Avenida Presidente Antônio Carlos","Centro","Rio de Janeiro","Rio de Janeiro","Rio de Janeiro","Brazil","20020-010","39-41 high streets peterport, Moffat GY1 2JT, UK","39-41","high streets peterport","Moffat","Dumfries and Galloway","Scotland","United Kingdom","GY1 2JT","341 River Landing Dr, Monroe, GA 30656, USA","341","River Landing Drive","Monroe","Walton County","Georgia","United States","30656","14289 W 159th St, Homer Glen, IL 60491, USA","14289","West 159th Street","Homer Glen","Homer Township","Will County","Illinois","United States","60491","Japan, <U+3012>438-0075 Shizuoka-ken, Iwata-shi, Tenryu, 929-1 <U+30D4><U+30FC><U+30B9>","<U+30D4><U+30FC><U+30B9>","929-1","Tenryu","Iwata-shi","Shizuoka-ken","Japan","438-0075","W12205 Galow Dr, Brandon, WI 53919, USA","W12205","Galow Drive","Brandon","Metomen","Fond du Lac County","Wisconsin","United States","53919","9584","562 Ravenswood Ave, Menlo Park, CA 94025, USA","562","Ravenswood Avenue","Menlo Park","San Mateo County","California","United States","94025","916 W 32nd St, Chicago, IL 60608, USA","916","West 32nd Street","South Side","Chicago","Cook County","Illinois","United States","60608","6616","Froste Ln, Winters, TX 79567, USA","Froste Lane","Winters","Runnels County","Texas","United States","79567",NA,"Manuel Antonio Matta 2405, Antofagasta, Región de Antofagasta, Chile","2405","Manuel Antonio Matta","Antofagasta","Antofagasta","Antofagasta","Región de Antofagasta","Chile","Manuel Antonio Matta 2405, Antofagasta, Región de Antofagasta, Chile","2405","Manuel Antonio Matta","Antofagasta","Antofagasta","Antofagasta","Región de Antofagasta","Chile","Av. Pres. Antônio Carlos, 10 - Centro, Rio de Janeiro - RJ, 20020-010, Brazil","10","Avenida Presidente Antônio Carlos","Centro","Rio de Janeiro","Rio de Janeiro","Rio de Janeiro","Brazil","20020-010","Froste Ln, Winters, TX 79567, USA","Froste Lane","Winters","Runnels County","Texas","United States","79567","R. Maj. Cícero de Góes Monteiro, 163 - Centro, Pelotas - RS, 96015-190, Brazil","163","Rua Major Cícero de Góes Monteiro","Centro","Pelotas","Pelotas","Rio Grande do Sul","Brazil","96015-190",NA,"Av. Pres. Antônio Carlos, 10 - Centro, Rio de Janeiro - RJ, 20020-010, Brazil","10","Avenida Presidente Antônio Carlos","Centro","Rio de Janeiro","Rio de Janeiro","Rio de Janeiro","Brazil","20020-010","Rod. Amaral Peixoto, 4429-4435 - Balneário Remanso, Rio das Ostras - RJ, 28890-000, Brazil","4429-4435","Rodovia Amaral Peixoto","Balneário Remanso","Rio das Ostras","Rio das Ostras","Rio de Janeiro","Brazil","28890-000","1401-1499 Truxtun Ave, Bakersfield, CA 93301, USA","1401-1499","Truxtun Avenue","Downtown","Bakersfield","Kern County","California","United States","93301","5215",NA,NA,"R. Avaré, 231 - Campo Grande, Rio de Janeiro - RJ, Brazil","231","Rua Avaré","Campo Grande","Rio de Janeiro","Rio de Janeiro","Rio de Janeiro","Brazil","23045","New York City Hall, 11 Centre St, New York, NY 10007, USA","New York City Hall","11","Centre Street","Lower Manhattan","Manhattan","New York","New York County","New York","United States","10007","114 Windsor Park Rd, Singapore 574178","114","Windsor Park Road","Bishan","Singapore","Singapore","574178","1500 PA-3, Philadelphia, PA 19102, USA","1500","Pennsylvania 3","Center City","Philadelphia","Philadelphia County","Pennsylvania","United States","19102","18183 Winton Rd, Leavenworth, WA 98826, USA","18183","Winton Road","Leavenworth","Chelan County","Washington","United States","98826","R. Pernambuco, 172 - Parque Pauliceia, Duque de Caxias - RJ, 25080-030, Brazil","172","Rua Pernambuco","Parque Pauliceia","Duque de Caxias","Duque de Caxias","Rio de Janeiro","Brazil","25080-030","711 E 54th St, Indianapolis, IN 46220, USA","711","East 54th Street","Meridian-Kessler","Indianapolis","Washington Township","Marion County","Indiana","United States","46220","3107",NA,"100 Albert St, Ottawa, ON K1P 1A5, Canada","100","Albert Street","Byward Market - Parliament Hill","Ottawa","Ottawa Division","Ontario","Canada","K1P 1A5","Success Rd, Jackson, NJ 08527, USA","Success Road","Jackson","Ocean County","New Jersey","United States","08527","1500 PA-3, Philadelphia, PA 19102, USA","1500","Pennsylvania 3","Center City","Philadelphia","Philadelphia County","Pennsylvania","United States","19102","5835 Lamar Ave, Mission, KS 66202, USA","5835","Lamar Avenue","Mission","Johnson County","Kansas","United States","66202","2648",NA,"Co Rd A021, Deming, NM 88030, USA","County Road A021","Deming","Luna County","New Mexico","United States","88030","317-387 Dallas County 43, Tyler, AL 36785, USA","317-387","Dallas County 43","Tyler","Dallas County","Alabama","United States","36785","Av. Pres. Antônio Carlos, 10 - Centro, Rio de Janeiro - RJ, 20020-010, Brazil","10","Avenida Presidente Antônio Carlos","Centro","Rio de Janeiro","Rio de Janeiro","Rio de Janeiro","Brazil","20020-010","5631 Magazine St, New Orleans, LA 70115, USA","5631","Magazine Street","Uptown/Carrollton","New Orleans","Orleans Parish","Louisiana","United States","70115","3153",NA,"Georgia State Capitol, Atlanta, GA 30334, USA","Georgia State Capitol","Downtown","Atlanta","Fulton County","Georgia","United States","30334","Av. Pres. Antônio Carlos, 10 - Centro, Rio de Janeiro - RJ, 20020-010, Brazil","10","Avenida Presidente Antônio Carlos","Centro","Rio de Janeiro","Rio de Janeiro","Rio de Janeiro","Brazil","20020-010","Av. Pres. Antônio Carlos, 10 - Centro, Rio de Janeiro - RJ, 20020-010, Brazil","10","Avenida Presidente Antônio Carlos","Centro","Rio de Janeiro","Rio de Janeiro","Rio de Janeiro","Brazil","20020-010","Unnamed Road, Fiji","Unnamed Road","Nadroga-Navosa","Western Division","Fiji","Spaghetti Junction, 51 Tyburn Rd, Birmingham B24 8NP, UK","Spaghetti Junction","51","Tyburn Road","Birmingham","Birmingham","West Midlands","England","United Kingdom","B24 8NP","301-399 S 4th St, Minneapolis, MN 55401, USA","301-399","South 4th Street","Central Minneapolis","Minneapolis","Hennepin County","Minnesota","United States","55401","22 E 76th St, New York, NY 10021, USA","22","East 76th Street","Upper East Side","Manhattan","New York","New York County","New York","United States","10021","Gg. Garuda Cipinang No.15, Sei Pinang, Mandau Talawang, Kabupaten Kapuas, Kalimantan Tengah 74511, Indonesia","15","Gang Garuda Cipinang","Sei Pinang","Mandau Talawang","Kabupaten Kapuas","Kalimantan Tengah","Indonesia","74511","Av. Pres. Antônio Carlos, 10 - Centro, Rio de Janeiro - RJ, 20020-010, Brazil","10","Avenida Presidente Antônio Carlos","Centro","Rio de Janeiro","Rio de Janeiro","Rio de Janeiro","Brazil","20020-010","105 E Main St, Muncie, IN 47305, USA","105","East Main Street","Downtown","Muncie","Center Township","Delaware County","Indiana","United States","47305","101 S Main St, Los Angeles, CA 90012, USA","101","South Main Street","Central LA","Los Angeles","Los Angeles County","California","United States","90012","A4, London WC2N 5DU, UK","A4","London","London","Greater London","England","United Kingdom","WC2N 5DU","New York City Hall, 11 Centre St, New York, NY 10007, USA","New York City Hall","11","Centre Street","Lower Manhattan","Manhattan","New York","New York County","New York","United States","10007","Jalan Berembang - Kg Gua, Kampung Telemin, 27100 Padang Tengku, Pahang, Malaysia","Jalan Berembang - Kg Gua","Kampung Telemin","Padang Tengku","Pahang","Malaysia","27100","405 Main St, New London, MO 63459, USA","405","Main Street","New London","Spencer Township","Ralls County","Missouri","United States","63459","New York City Hall, 11 Centre St, New York, NY 10007, USA","New York City Hall","11","Centre Street","Lower Manhattan","Manhattan","New York","New York County","New York","United States","10007","Av. Pres. Antônio Carlos, 10 - Centro, Rio de Janeiro - RJ, 20020-010, Brazil","10","Avenida Presidente Antônio Carlos","Centro","Rio de Janeiro","Rio de Janeiro","Rio de Janeiro","Brazil","20020-010",NA,"Tokyo Metropolitan Government Building, 2 Chome Nishishinjuku, Shinjuku-ku, Tokyo-to 160-0023, Japan","Tokyo Metropolitan Government Building","2 Chome","Nishishinjuku","Shinjuku-ku","Tokyo-to","Japan","160-0023","Feijó - State of Acre, 69960-000, Brazil","69960-000","Feijó","State of Acre","Brazil","R. Caxambú, 378 - Minerlândia, Barra Mansa - RJ, Brazil","378","Rua Caxambú","Minerlândia","Barra Mansa","Barra Mansa","Rio de Janeiro","Brazil","27264","Av fortaleza galpao 07, 573 - itinga, Nova Nazaré - MT, 42700-000, Brazil","573","Av fortaleza galpao 07","itinga","Nova Nazaré","Mato Grosso","Brazil","42700-000","New York New York Casino, 3790 S Las Vegas Blvd, Las Vegas, NV 89109, USA","New York New York Casino","3790","South Las Vegas Boulevard","Las Vegas","Clark County","Nevada","United States","89109","R. Dr. Artur Morães Silva, 97-109 - Felipe João, Cantagalo - RJ, 28500-000, Brazil","97-109","Rua Doutor Artur Morães Silva","Felipe João","Cantagalo","Cantagalo","Rio de Janeiro","Brazil","28500-000","118122 Park Central Square, Springfield, MO 65806, USA","118122","Park Central Square","Downtown Springfield","Springfield","Springfield Township","Greene County","Missouri","United States","65806",NA,NA,"2515 W 90th St, Leawood, KS 66206, USA","2515","West 90th Street","Leawood","Johnson County","Kansas","United States","66206","1838","101 S Tryon St, Charlotte, NC 28280, USA","101","South Tryon Street","Second Ward","Charlotte","1, Charlotte","Mecklenburg County","North Carolina","United States","28280",NA,"2630 Croydon Drive, Sanger, CA 93657, USA","2630","Croydon Drive","Sanger","Fresno County","California","United States","93657",NA,"1500 PA-3, Philadelphia, PA 19102, USA","1500","Pennsylvania 3","Center City","Philadelphia","Philadelphia County","Pennsylvania","United States","19102","Av. Pres. Antônio Carlos, 10 - Centro, Rio de Janeiro - RJ, 20020-010, Brazil","10","Avenida Presidente Antônio Carlos","Centro","Rio de Janeiro","Rio de Janeiro","Rio de Janeiro","Brazil","20020-010","400 S Monroe St, Tallahassee, FL 32301, USA","400","South Monroe Street","Capitol Hill","Tallahassee","Leon County","Florida","United States","32301","Cankurtaran Mh., Alemdar Cd., 34110 Fatih/Istanbul, Turkey","Alemdar Caddesi","Cankurtaran Mahallesi","Fatih","Istanbul","Turkey","34110","33 Derby Rd, Nottingham NG1 5AW, UK","33","Derby Road","Nottingham","Nottingham","Nottinghamshire","England","United Kingdom","NG1 5AW","Düz Mahallesi, Yali Cami, 52100 Altinordu/Ordu, Turkey","Yali Cami","Düz Mahallesi","Altinordu","Ordu","Turkey","52100","17-19 Prospect St, Mendham, NJ 07945, USA","17-19","Prospect Street","Mendham","Morris County","New Jersey","United States","07945","1210","3131 E Broadway Blvd, Tucson, AZ 85716, USA","3131","East Broadway Boulevard","Tucson","Pima County","Arizona","United States","85716","1-15 Slade St, Oakville, CT 06779, USA","1-15","Slade Street","Oakville","Watertown","Litchfield County","Connecticut","United States","06779","1225",NA,"Paqueta 6191-6239, Las Condes, Región Metropolitana, Chile","6191-6239","Paqueta","Las Condes","Las Condes","Santiago","Región Metropolitana","Chile",NA,"Unnamed Road, Division No. 18, Unorganized, SK S0J, Canada","Unnamed Road","Division No. 18, Unorganized","Division No. 18","Saskatchewan","Canada","S0J","100 Albert St, Ottawa, ON K1P 1A5, Canada","100","Albert Street","Byward Market - Parliament Hill","Ottawa","Ottawa Division","Ontario","Canada","K1P 1A5","107 US-183, Leander, TX 78641, USA","107","U.S. 183","Leander","Williamson County","Texas","United States","78641","32 Pompies Pillar Ave, Rosemount, East London, 5201, South Africa","32","Pompies Pillar Avenue","Rosemount","East London","Amatole","Eastern Cape","South Africa","5201","Toronto City Hall, 100 Queen St W, Toronto, ON M5G 1P5, Canada","Toronto City Hall","100","Queen Street West","Downtown","Old Toronto","Toronto","Toronto Division","Ontario","Canada","M5G 1P5","Viaduto Eng. Noronha, 230 - Laranjeiras, Rio de Janeiro - RJ, Brazil","230","Viaduto Engenheiro Noronha","Laranjeiras","Rio de Janeiro","Rio de Janeiro","Rio de Janeiro","Brazil","22240","349-399 US-11, Syracuse, NY 13202, USA","349-399","South State Street","Downtown","Syracuse","Onondaga County","New York","United States","13202","Co Rd A021, Deming, NM 88030, USA","County Road A021","Deming","Luna County","New Mexico","United States","88030","420 9th Ave, New York, NY 10011, USA","420","9th Avenue","Midtown","Manhattan","New York","New York County","New York","United States","10011","Livingston Lake Rd, Frostproof, FL 33843, USA","Livingston Lake Road","Frostproof","Polk County","Florida","United States","33843","301 N First St, Fresno, CA 93702, USA","301","North First Street","Roosevelt","Fresno","Fresno County","California","United States","93702","Av. Pres. Antônio Carlos, 10 - Centro, Rio de Janeiro - RJ, 20020-010, Brazil","10","Avenida Presidente Antônio Carlos","Centro","Rio de Janeiro","Rio de Janeiro","Rio de Janeiro","Brazil","20020-010","Av fortaleza galpao 07, 573 - itinga, Nova Nazaré - MT, 42700-000, Brazil","573","Av fortaleza galpao 07","itinga","Nova Nazaré","Mato Grosso","Brazil","42700-000","Av. Pres. Antônio Carlos, 10 - Centro, Rio de Janeiro - RJ, 20020-010, Brazil","10","Avenida Presidente Antônio Carlos","Centro","Rio de Janeiro","Rio de Janeiro","Rio de Janeiro","Brazil","20020-010","10900 Yamaha Way, Cypress, CA 90630, USA","10900","Yamaha Way","Cypress","Orange County","California","United States","90630","5125","Av. Cmte. Bitencourt, 6 - Centro, Nova Friburgo - RJ, Brazil","6","Avenida Comandante Bitencourt","Centro","Nova Friburgo","Nova Friburgo","Rio de Janeiro","Brazil","28625","Georgia State Capitol, Atlanta, GA 30334, USA","Georgia State Capitol","Downtown","Atlanta","Fulton County","Georgia","United States","30334","Av. Pres. Antônio Carlos, 10 - Centro, Rio de Janeiro - RJ, 20020-010, Brazil","10","Avenida Presidente Antônio Carlos","Centro","Rio de Janeiro","Rio de Janeiro","Rio de Janeiro","Brazil","20020-010","112 CA-38, Big Bear, CA 92314, USA","112","California 38","Big Bear","San Bernardino County","California","United States","92314","Av. Pres. Antônio Carlos, 10 - Centro, Rio de Janeiro - RJ, 20020-010, Brazil","10","Avenida Presidente Antônio Carlos","Centro","Rio de Janeiro","Rio de Janeiro","Rio de Janeiro","Brazil","20020-010","W N St, Aberdeen AB24, UK","West North Street","Aberdeen","Aberdeen","Aberdeen City","Scotland","United Kingdom","AB24","Av. Pres. Antônio Carlos, 10 - Centro, Rio de Janeiro - RJ, 20020-010, Brazil","10","Avenida Presidente Antônio Carlos","Centro","Rio de Janeiro","Rio de Janeiro","Rio de Janeiro","Brazil","20020-010"
