"","address","address.1","address.2","address.3","street_number","route","political","locality","administrative_area_level_2","administrative_area_level_1","country","postal_code","address.4","street_number.1","route.1","locality.1","administrative_area_level_2.1","administrative_area_level_1.1","country.1","postal_code.1","postal_code_suffix","address.5","route.2","administrative_area_level_1.2","country.2","address.6","street_number.2","route.3","political.1","locality.2","administrative_area_level_2.2","administrative_area_level_1.3","country.3","postal_code.2","address.7","street_number.3","route.4","neighborhood","locality.3","administrative_area_level_3","administrative_area_level_2.3","administrative_area_level_1.4","country.4","postal_code.3","address.8","street_number.4","route.5","political.2","locality.4","administrative_area_level_2.4","administrative_area_level_1.5","country.5","postal_code.4","address.9","address.10","street_number.5","route.6","locality.5","administrative_area_level_2.5","administrative_area_level_1.6","country.6","postal_code.5","address.11","street_number.6","route.7","political.3","locality.6","administrative_area_level_2.6","administrative_area_level_1.7","country.7","postal_code.6","address.12","street_number.7","route.8","locality.7","administrative_area_level_3.1","administrative_area_level_2.7","administrative_area_level_1.8","country.8","postal_code.7","address.13","address.14","street_number.8","route.9","locality.8","administrative_area_level_2.8","administrative_area_level_1.9","country.9","postal_code.8","postal_code_suffix.1","address.15","street_number.9","route.10","political.4","locality.9","administrative_area_level_2.9","administrative_area_level_1.10","country.10","postal_code.9","address.16","street_number.10","route.11","neighborhood.1","locality.10","administrative_area_level_2.10","administrative_area_level_1.11","country.11","postal_code.10","address.17","street_number.11","route.12","neighborhood.2","locality.11","administrative_area_level_2.11","administrative_area_level_1.12","country.12","postal_code.11","address.18","street_number.12","route.13","locality.12","administrative_area_level_2.12","administrative_area_level_1.13","country.13","postal_code.12","postal_code_suffix.2","address.19","address.20","street_number.13","route.14","neighborhood.3","locality.13","administrative_area_level_2.13","administrative_area_level_1.14","country.14","postal_code.13","address.21","street_number.14","route.15","neighborhood.4","locality.14","administrative_area_level_2.14","administrative_area_level_1.15","country.15","postal_code.14","address.22","route.16","locality.15","administrative_area_level_2.15","administrative_area_level_1.16","country.16","postal_code.15","address.23","street_number.15","route.17","neighborhood.5","locality.16","administrative_area_level_2.16","administrative_area_level_1.17","country.17","postal_code.16","address.24","premise","street_number.16","route.18","political.5","political.6","locality.17","administrative_area_level_1.18","country.18","postal_code.17","address.25","address.26","street_number.17","route.19","political.7","locality.18","administrative_area_level_2.17","administrative_area_level_1.19","country.19","postal_code.18","address.27","street_number.18","route.20","locality.19","administrative_area_level_3.2","administrative_area_level_2.18","administrative_area_level_1.20","country.20","postal_code.19","address.28","address.29","street_number.19","route.21","political.8","locality.20","administrative_area_level_2.19","administrative_area_level_1.21","country.21","postal_code.20","address.30","route.22","locality.21","postal_town","administrative_area_level_2.20","administrative_area_level_1.22","country.22","postal_code.21","address.31","street_number.20","route.23","political.9","locality.22","administrative_area_level_2.21","administrative_area_level_1.23","country.23","postal_code.22","address.32","route.24","administrative_area_level_1.24","country.24","address.33","street_number.21","route.25","political.10","locality.23","administrative_area_level_2.22","administrative_area_level_1.25","country.25","postal_code.23","address.34","route.26","locality.24","administrative_area_level_2.23","administrative_area_level_1.26","country.26","postal_code.24","address.35","street_number.22","route.27","political.11","locality.25","administrative_area_level_2.24","administrative_area_level_1.27","country.27","postal_code.25","address.36","street_number.23","route.28","political.12","locality.26","administrative_area_level_2.25","administrative_area_level_1.28","country.28","postal_code.26","address.37","route.29","locality.27","postal_town.1","administrative_area_level_2.26","administrative_area_level_1.29","country.29","postal_code.27","address.38","street_number.24","route.30","neighborhood.6","locality.28","postal_town.2","administrative_area_level_2.27","administrative_area_level_1.30","country.30","postal_code.28","address.39","street_number.25","route.31","political.13","locality.29","administrative_area_level_2.28","administrative_area_level_1.31","country.31","postal_code.29","address.40","street_number.26","route.32","neighborhood.7","locality.30","administrative_area_level_2.29","administrative_area_level_1.32","country.32","postal_code.30","address.41","address.42","address.43","street_number.27","route.33","neighborhood.8","locality.31","administrative_area_level_2.30","administrative_area_level_1.33","country.33","postal_code.31","address.44","street_number.28","route.34","political.14","locality.32","administrative_area_level_2.31","administrative_area_level_1.34","country.34","postal_code.32","address.45","street_number.29","route.35","political.15","locality.33","administrative_area_level_2.32","administrative_area_level_1.35","country.35","postal_code.33","address.46","street_number.30","route.36","political.16","locality.34","administrative_area_level_2.33","administrative_area_level_1.36","country.36","postal_code.34","address.47","address.48","street_number.31","route.37","locality.35","administrative_area_level_3.3","administrative_area_level_2.34","administrative_area_level_1.37","country.37","postal_code.35","address.49","street_number.32","route.38","political.17","locality.36","administrative_area_level_2.35","administrative_area_level_1.38","country.38","postal_code.36","address.50","street_number.33","route.39","locality.37","administrative_area_level_2.36","administrative_area_level_1.39","country.39","postal_code.37","address.51","street_number.34","route.40","locality.38","administrative_area_level_2.37","administrative_area_level_1.40","country.40","postal_code.38","postal_code_suffix.3","address.52","street_number.35","route.41","political.18","locality.39","administrative_area_level_2.38","administrative_area_level_1.41","country.41","address.53","street_number.36","route.42","political.19","locality.40","administrative_area_level_2.39","administrative_area_level_1.42","country.42","postal_code.39","address.54","street_number.37","route.43","political.20","locality.41","administrative_area_level_2.40","administrative_area_level_1.43","country.43","postal_code.40","address.55","street_number.38","route.44","political.21","locality.42","administrative_area_level_2.41","administrative_area_level_1.44","country.44","postal_code.41","address.56","street_number.39","route.45","locality.43","administrative_area_level_2.42","administrative_area_level_1.45","country.45","postal_code.42","address.57","street_number.40","route.46","political.22","locality.44","administrative_area_level_2.43","administrative_area_level_1.46","country.46","postal_code.43","address.58","route.47","locality.45","administrative_area_level_2.44","administrative_area_level_1.47","country.47","postal_code.44","address.59","street_number.41","route.48","political.23","locality.46","administrative_area_level_1.48","country.48","postal_code.45","address.60","route.49","locality.47","administrative_area_level_2.45","administrative_area_level_1.49","country.49","postal_code.46","address.61","street_number.42","route.50","locality.48","administrative_area_level_3.4","administrative_area_level_2.46","administrative_area_level_1.50","country.50","postal_code.47","address.62","street_number.43","route.51","political.24","locality.49","administrative_area_level_2.47","administrative_area_level_1.51","country.51","postal_code.48","address.63","street_number.44","route.52","neighborhood.9","locality.50","administrative_area_level_2.48","administrative_area_level_1.52","country.52","postal_code.49","address.64","street_number.45","route.53","neighborhood.10","locality.51","administrative_area_level_3.5","administrative_area_level_2.49","administrative_area_level_1.53","country.53","postal_code.50","address.65","street_number.46","route.54","locality.52","administrative_area_level_3.6","administrative_area_level_2.50","administrative_area_level_1.54","country.54","postal_code.51","address.66","street_number.47","route.55","neighborhood.11","locality.53","administrative_area_level_2.51","administrative_area_level_1.55","country.55","postal_code.52","address.67","street_number.48","route.56","locality.54","administrative_area_level_2.52","administrative_area_level_1.56","country.56","postal_code.53","postal_code.54","address.68","street_number.49","route.57","political.25","locality.55","administrative_area_level_2.53","administrative_area_level_1.57","country.57","postal_code.55","address.69","street_number.50","route.58","political.26","locality.56","administrative_area_level_2.54","administrative_area_level_1.58","country.58","postal_code.56","address.70","street_number.51","route.59","locality.57","administrative_area_level_2.55","administrative_area_level_1.59","country.59","postal_code.57","address.71","establishment","political.27","political.28","locality.58","administrative_area_level_2.56","administrative_area_level_1.60","country.60","postal_code.58","address.72","street_number.52","route.60","locality.59","administrative_area_level_3.7","administrative_area_level_2.57","administrative_area_level_1.61","country.61","postal_code.59","postal_code_suffix.4","address.73","street_number.53","route.61","political.29","locality.60","administrative_area_level_2.58","administrative_area_level_1.62","country.62","postal_code.60","address.74","street_number.54","route.62","political.30","political.31","locality.61","administrative_area_level_1.63","country.63","postal_code.61","address.75","route.63","administrative_area_level_3.8","administrative_area_level_2.59","administrative_area_level_1.64","country.64","postal_code.62","address.76","address.77","street_number.55","route.64","locality.62","administrative_area_level_2.60","administrative_area_level_1.65","country.65","postal_code.63","postal_code_suffix.5","address.78","street_number.56","route.65","political.32","locality.63","administrative_area_level_2.61","administrative_area_level_1.66","country.66","postal_code.64","address.79","address.80","street_number.57","route.66","political.33","administrative_area_level_2.62","administrative_area_level_1.67","country.67","postal_code.65","address.81","street_number.58","route.67","locality.64","administrative_area_level_2.63","administrative_area_level_1.68","country.68","postal_code.66","postal_code_suffix.6","address.82","street_number.59","route.68","political.34","locality.65","administrative_area_level_2.64","administrative_area_level_1.69","country.69","postal_code.67","address.83","street_number.60","route.69","locality.66","administrative_area_level_2.65","administrative_area_level_1.70","country.70","postal_code.68","address.84","street_number.61","route.70","political.35","locality.67","administrative_area_level_2.66","administrative_area_level_1.71","country.71","postal_code.69","address.85","street_number.62","route.71","political.36","locality.68","administrative_area_level_2.67","administrative_area_level_1.72","country.72","postal_code.70","address.86","street_number.63","route.72","political.37","locality.69","administrative_area_level_2.68","administrative_area_level_1.73","country.73","postal_code.71","address.87","address.88","street_number.64","route.73","neighborhood.12","locality.70","administrative_area_level_1.74","country.74","postal_code.72","address.89","street_number.65","route.74","locality.71","administrative_area_level_2.69","administrative_area_level_1.75","country.75","postal_code.73","address.90","address.91","street_number.66","route.75","locality.72","administrative_area_level_2.70","administrative_area_level_1.76","country.76","postal_code.74","address.92","street_number.67","route.76","political.38","locality.73","administrative_area_level_2.71","administrative_area_level_1.77","country.77","postal_code.75","address.93","street_number.68","route.77","locality.74","administrative_area_level_3.9","administrative_area_level_2.72","administrative_area_level_1.78","country.78","postal_code.76","address.94","street_number.69","route.78","locality.75","administrative_area_level_2.73","administrative_area_level_1.79","country.79","postal_code.77","address.95","address.96","street_number.70","route.79","political.39","locality.76","administrative_area_level_2.74","administrative_area_level_1.80","country.80","postal_code.78","address.97","street_number.71","route.80","political.40","locality.77","administrative_area_level_2.75","administrative_area_level_1.81","country.81","postal_code.79","address.98","route.81","administrative_area_level_1.82","country.82","address.99","establishment.1","street_number.72","route.82","political.41","locality.78","administrative_area_level_2.76","administrative_area_level_1.83","country.83","postal_code.80","address.100","route.83","locality.79","administrative_area_level_2.77","administrative_area_level_1.84","country.84","postal_code.81","address.101","street_number.73","route.84","political.42","locality.80","administrative_area_level_2.78","administrative_area_level_1.85","country.85","postal_code.82","address.102","street_number.74","route.85","political.43","locality.81","administrative_area_level_2.79","administrative_area_level_1.86","country.86","postal_code.83","address.103","address.104","route.86","administrative_area_level_4","administrative_area_level_2.80","administrative_area_level_1.87","country.87","postal_code.84","address.105","street_number.75","route.87","political.44","locality.82","administrative_area_level_2.81","administrative_area_level_1.88","country.88","postal_code.85","address.106","street_number.76","route.88","political.45","locality.83","administrative_area_level_2.82","administrative_area_level_1.89","country.89","postal_code.86","address.107","street_number.77","route.89","neighborhood.13","locality.84","administrative_area_level_2.83","administrative_area_level_1.90","country.90","postal_code.87","address.108","address.109","street_number.78","route.90","neighborhood.14","political.46","administrative_area_level_2.84","administrative_area_level_1.91","country.91","postal_code.88","postal_code_suffix.7","address.110","address.111","street_number.79","route.91","locality.85","administrative_area_level_2.85","administrative_area_level_1.92","country.92","postal_code.89","address.112","route.92","locality.86","administrative_area_level_2.86","administrative_area_level_1.93","country.93","postal_code.90","address.113","street_number.80","route.93","political.47","locality.87","administrative_area_level_2.87","administrative_area_level_1.94","country.94","postal_code.91","address.114","street_number.81","route.94","locality.88","administrative_area_level_3.10","administrative_area_level_2.88","administrative_area_level_1.95","country.95","postal_code.92","postal_code_suffix.8","address.115","street_number.82","route.95","political.48","locality.89","administrative_area_level_2.89","administrative_area_level_1.96","country.96","postal_code.93","address.116","address.117","street_number.83","route.96","political.49","locality.90","administrative_area_level_2.90","administrative_area_level_1.97","country.97","postal_code.94","address.118","street_number.84","route.97","locality.91","administrative_area_level_3.11","administrative_area_level_2.91","administrative_area_level_1.98","country.98","postal_code.95","postal_code_suffix.9","address.119","street_number.85","route.98","locality.92","administrative_area_level_2.92","administrative_area_level_1.99","country.99","postal_code.96","address.120","address.121","street_number.86","route.99","political.50","locality.93","administrative_area_level_2.93","administrative_area_level_1.100","country.100","postal_code.97","address.122","street_number.87","route.100","political.51","administrative_area_level_2.94","administrative_area_level_1.101","country.101","postal_code.98","address.123","premise.1","locality.94","administrative_area_level_2.95","administrative_area_level_1.102","country.102","postal_code.99","address.124","street_number.88","route.101","locality.95","administrative_area_level_2.96","administrative_area_level_1.103","country.103","postal_code.100","address.125","address.126","street_number.89","route.102","locality.96","administrative_area_level_2.97","administrative_area_level_1.104","country.104","postal_code.101","postal_code_suffix.10","address.127","address.128","street_number.90","route.103","political.52","locality.97","administrative_area_level_2.98","administrative_area_level_1.105","country.105","postal_code.102","address.129","street_number.91","route.104","neighborhood.15","locality.98","administrative_area_level_2.99","administrative_area_level_1.106","country.106","postal_code.103","address.130","street_number.92","route.105","neighborhood.16","locality.99","administrative_area_level_2.100","administrative_area_level_1.107","country.107","postal_code.104","address.131","street_number.93","route.106","political.53","locality.100","administrative_area_level_2.101","administrative_area_level_1.108","country.108","postal_code.105","address.132","route.107","administrative_area_level_4.1","administrative_area_level_3.12","administrative_area_level_2.102","administrative_area_level_1.109","country.109","postal_code.106","address.133","street_number.94","route.108","political.54","locality.101","administrative_area_level_2.103","administrative_area_level_1.110","country.110","postal_code.107","address.134","street_number.95","route.109","locality.102","administrative_area_level_2.104","administrative_area_level_1.111","country.111","postal_code.108","address.135","street_number.96","route.110","political.55","locality.103","administrative_area_level_2.105","administrative_area_level_1.112","country.112","postal_code.109","address.136","street_number.97","route.111","political.56","locality.104","administrative_area_level_2.106","administrative_area_level_1.113","country.113","postal_code.110","address.137","address.138","address.139","address.140","street_number.98","route.112","political.57","locality.105","administrative_area_level_2.107","administrative_area_level_1.114","country.114","postal_code.111","address.141","street_number.99","route.113","political.58","locality.106","administrative_area_level_2.108","administrative_area_level_1.115","country.115","postal_code.112","address.142","route.114","locality.107","administrative_area_level_2.109","administrative_area_level_1.116","country.116","postal_code.113","address.143","street_number.100","route.115","locality.108","administrative_area_level_2.110","administrative_area_level_1.117","country.117","postal_code.114","postal_code_suffix.11","address.144","street_number.101","route.116","locality.109","administrative_area_level_2.111","administrative_area_level_1.118","country.118","postal_code.115","address.145","street_number.102","route.117","political.59","locality.110","administrative_area_level_2.112","administrative_area_level_1.119","country.119","postal_code.116","address.146","establishment.2","street_number.103","route.118","political.60","locality.111","administrative_area_level_2.113","administrative_area_level_1.120","country.120","postal_code.117","address.147","street_number.104","route.119","locality.112","administrative_area_level_2.114","administrative_area_level_1.121","country.121","postal_code.118","postal_code_suffix.12","address.148","street_number.105","route.120","postal_town.3","administrative_area_level_2.115","administrative_area_level_1.122","country.122","postal_code.119","address.149","street_number.106","route.121","neighborhood.17","locality.113","administrative_area_level_2.116","administrative_area_level_1.123","country.123","postal_code.120","postal_code_suffix.13","address.150","address.151","street_number.107","route.122","locality.114","administrative_area_level_3.13","administrative_area_level_2.117","administrative_area_level_1.124","country.124","postal_code.121","address.152","postal_code.122","administrative_area_level_2.118","administrative_area_level_1.125","country.125","address.153","address.154","route.123","locality.115","administrative_area_level_2.119","administrative_area_level_1.126","country.126","postal_code.123","address.155","address.156","route.124","locality.116","administrative_area_level_2.120","administrative_area_level_1.127","country.127","postal_code.124","address.157","street_number.108","route.125","locality.117","administrative_area_level_2.121","administrative_area_level_1.128","country.128","postal_code.125","address.158","street_number.109","route.126","neighborhood.18","locality.118","administrative_area_level_2.122","administrative_area_level_1.129","country.129","postal_code.126","postal_code_suffix.14","address.159","street_number.110","route.127","political.61","locality.119","administrative_area_level_2.123","administrative_area_level_1.130","country.130","postal_code.127","address.160","street_number.111","route.128","political.62","locality.120","administrative_area_level_2.124","administrative_area_level_1.131","country.131","postal_code.128","address.161","route.129","locality.121","administrative_area_level_2.125","administrative_area_level_1.132","country.132","postal_code.129","address.162","street_number.112","route.130","locality.122","administrative_area_level_2.126","administrative_area_level_1.133","country.133","postal_code.130","postal_code_suffix.15","address.163","street_number.113","route.131","neighborhood.19","locality.123","administrative_area_level_2.127","administrative_area_level_1.134","country.134","postal_code.131","address.164","street_number.114","route.132","political.63","locality.124","administrative_area_level_2.128","administrative_area_level_1.135","country.135","postal_code.132","address.165","street_number.115","route.133","locality.125","administrative_area_level_3.14","administrative_area_level_2.129","administrative_area_level_1.136","country.136","postal_code.133","postal_code_suffix.16","address.166","route.134","locality.126","administrative_area_level_2.130","administrative_area_level_1.137","country.137","postal_code.134","address.167","street_number.116","route.135","neighborhood.20","locality.127","administrative_area_level_2.131","administrative_area_level_1.138","country.138","postal_code.135","address.168","street_number.117","route.136","locality.128","administrative_area_level_3.15","administrative_area_level_2.132","administrative_area_level_1.139","country.139","postal_code.136","address.169","street_number.118","route.137","locality.129","administrative_area_level_2.133","administrative_area_level_1.140","country.140","postal_code.137","postal_code_suffix.17","address.170","street_number.119","route.138","neighborhood.21","locality.130","administrative_area_level_2.134","administrative_area_level_1.141","country.141","postal_code.138","address.171","street_number.120","route.139","locality.131","administrative_area_level_2.135","administrative_area_level_1.142","country.142","postal_code.139","postal_code_suffix.18","address.172","street_number.121","route.140","political.64","locality.132","administrative_area_level_1.143","country.143","postal_code.140","address.173","route.141","political.65","locality.133","administrative_area_level_1.144","country.144","postal_code.141","address.174","street_number.122","route.142","locality.134","administrative_area_level_3.16","administrative_area_level_2.136","administrative_area_level_1.145","country.145","postal_code.142","address.175","street_number.123","route.143","neighborhood.22","locality.135","administrative_area_level_2.137","administrative_area_level_1.146","country.146","postal_code.143","address.176","premise.2","street_number.124","route.144","neighborhood.23","locality.136","administrative_area_level_1.147","country.147","postal_code.144","address.177","street_number.125","route.145","locality.137","administrative_area_level_2.138","administrative_area_level_1.148","country.148","postal_code.145","address.178","street_number.126","route.146","locality.138","administrative_area_level_2.139","administrative_area_level_1.149","country.149","postal_code.146","postal_code_suffix.19","address.179","street_number.127","route.147","political.66","locality.139","administrative_area_level_2.140","administrative_area_level_1.150","country.150","postal_code.147","address.180","address.181","street_number.128","route.148","political.67","locality.140","administrative_area_level_2.141","administrative_area_level_1.151","country.151","postal_code.148","address.182","street_number.129","route.149","political.68","locality.141","administrative_area_level_2.142","administrative_area_level_1.152","country.152","postal_code.149","address.183","street_number.130","route.150","locality.142","administrative_area_level_3.17","administrative_area_level_2.143","administrative_area_level_1.153","country.153","postal_code.150","address.184","street_number.131","route.151","political.69","locality.143","administrative_area_level_2.144","administrative_area_level_1.154","country.154","postal_code.151","address.185","street_number.132","route.152","locality.144","administrative_area_level_2.145","administrative_area_level_1.155","country.155","postal_code.152","postal_code_suffix.20","address.186","route.153","political.70","locality.145","administrative_area_level_1.156","country.156","postal_code.153","address.187","street_number.133","route.154","locality.146","administrative_area_level_3.18","administrative_area_level_2.146","administrative_area_level_1.157","country.157","postal_code.154","postal_code_suffix.21","address.188","street_number.134","route.155","political.71","locality.147","administrative_area_level_2.147","administrative_area_level_1.158","country.158","postal_code.155","address.189","route.156","locality.148","administrative_area_level_1.159","country.159","postal_code.156","address.190","street_number.135","route.157","neighborhood.24","locality.149","administrative_area_level_1.160","country.160","postal_code.157","postal_code_suffix.22","address.191","street_number.136","route.158","political.72","locality.150","administrative_area_level_2.148","administrative_area_level_1.161","country.161","postal_code.158","address.192","street_number.137","route.159","political.73","locality.151","administrative_area_level_2.149","administrative_area_level_1.162","country.162","postal_code.159","address.193","street_number.138","route.160","locality.152","administrative_area_level_2.150","administrative_area_level_1.163","country.163","postal_code.160","postal_code_suffix.23","address.194","street_number.139","route.161","political.74","locality.153","administrative_area_level_2.151","administrative_area_level_1.164","country.164","postal_code.161","address.195","street_number.140","route.162","locality.154","administrative_area_level_2.152","administrative_area_level_1.165","country.165","postal_code.162","postal_code_suffix.24","address.196","premise.3","locality.155","administrative_area_level_2.153","administrative_area_level_1.166","country.166","postal_code.163","address.197","street_number.141","route.163","political.75","locality.156","administrative_area_level_2.154","administrative_area_level_1.167","country.167","postal_code.164","address.198","address.199","street_number.142","route.164","political.76","locality.157","administrative_area_level_2.155","administrative_area_level_1.168","country.168","postal_code.165","address.200","address.201","street_number.143","route.165","neighborhood.25","political.77","administrative_area_level_2.156","administrative_area_level_1.169","country.169","postal_code.166","address.202","street_number.144","route.166","political.78","locality.158","administrative_area_level_1.170","country.170","postal_code.167","address.203","street_number.145","route.167","neighborhood.26","locality.159","administrative_area_level_2.157","administrative_area_level_1.171","country.171","postal_code.168","postal_code_suffix.25","address.204","city_hall","street_number.146","route.168","neighborhood.27","political.79","locality.160","administrative_area_level_2.158","administrative_area_level_1.172","country.172","postal_code.169","address.205","street_number.147","route.169","neighborhood.28","locality.161","administrative_area_level_2.159","administrative_area_level_1.173","country.173","postal_code.170","address.206","route.170","administrative_area_level_2.160","administrative_area_level_1.174","country.174","postal_code.171","address.207","street_number.148","route.171","political.80","locality.162","administrative_area_level_2.161","administrative_area_level_1.175","country.175","postal_code.172","address.208","street_number.149","route.172","neighborhood.29","locality.163","administrative_area_level_2.162","administrative_area_level_1.176","country.176","postal_code.173","address.209","route.173","administrative_area_level_1.177","country.177","postal_code.174","address.210","street_number.150","route.174","locality.164","administrative_area_level_2.163","administrative_area_level_1.178","country.178","postal_code.175","address.211","street_number.151","route.175","locality.165","administrative_area_level_2.164","administrative_area_level_1.179","country.179","postal_code.176","address.212","route.176","locality.166","administrative_area_level_3.19","administrative_area_level_2.165","administrative_area_level_1.180","country.180","postal_code.177","address.213","address.214","street_number.152","route.177","political.81","locality.167","administrative_area_level_2.166","administrative_area_level_1.181","country.181","postal_code.178","address.215","street_number.153","route.178","locality.168","administrative_area_level_2.167","administrative_area_level_1.182","country.182","postal_code.179","address.216","street_number.154","route.179","neighborhood.30","locality.169","administrative_area_level_1.183","country.183","postal_code.180","address.217","street_number.155","route.180","neighborhood.31","locality.170","administrative_area_level_2.168","administrative_area_level_1.184","country.184","postal_code.181","address.218","street_number.156","route.181","locality.171","administrative_area_level_2.169","administrative_area_level_1.185","country.185","postal_code.182","address.219","street_number.157","route.182","political.82","locality.172","administrative_area_level_2.170","administrative_area_level_1.186","country.186","postal_code.183","address.220","street_number.158","route.183","neighborhood.32","locality.173","administrative_area_level_1.187","country.187","postal_code.184","address.221","street_number.159","route.184","neighborhood.33","political.83","locality.174","administrative_area_level_2.171","administrative_area_level_1.188","country.188","postal_code.185","address.222","city_hall.1","street_number.160","route.185","neighborhood.34","political.84","locality.175","administrative_area_level_2.172","administrative_area_level_1.189","country.189","postal_code.186","address.223","street_number.161","route.186","locality.176","administrative_area_level_3.20","administrative_area_level_2.173","administrative_area_level_1.190","country.190","postal_code.187","address.224","street_number.162","route.187","political.85","locality.177","administrative_area_level_2.174","administrative_area_level_1.191","country.191","postal_code.188","address.225","street_number.163","route.188","political.86","locality.178","administrative_area_level_2.175","administrative_area_level_1.192","country.192","postal_code.189","address.226","route.189","administrative_area_level_2.176","administrative_area_level_1.193","country.193","address.227","street_number.164","route.190","political.87","locality.179","administrative_area_level_2.177","administrative_area_level_1.194","country.194","postal_code.190","address.228","street_number.165","route.191","political.88","locality.180","administrative_area_level_2.178","administrative_area_level_1.195","country.195","postal_code.191","address.229","street_number.166","route.192","locality.181","administrative_area_level_3.21","administrative_area_level_2.179","administrative_area_level_1.196","country.196","postal_code.192","address.230","route.193","locality.182","administrative_area_level_1.197","country.197","address.231","premise.4","neighborhood.35","locality.183","administrative_area_level_2.180","administrative_area_level_1.198","country.198","postal_code.193","address.232","route.194","locality.184","administrative_area_level_2.181","administrative_area_level_1.199","country.199","postal_code.194","address.233","route.195","administrative_area_level_3.22","administrative_area_level_2.182","administrative_area_level_1.200","country.200","postal_code.195","address.234","street_number.167","route.196","locality.185","administrative_area_level_2.183","administrative_area_level_1.201","country.201","postal_code.196","address.235","street_number.168","route.197","political.89","locality.186","administrative_area_level_2.184","administrative_area_level_1.202","country.202","postal_code.197","address.236","street_number.169","route.198","locality.187","administrative_area_level_2.185","administrative_area_level_1.203","country.203","postal_code.198","address.237","street_number.170","route.199","locality.188","administrative_area_level_2.186","administrative_area_level_1.204","country.204","postal_code.199","postal_code_suffix.26","address.238","street_number.171","route.200","political.90","locality.189","administrative_area_level_2.187","administrative_area_level_1.205","country.205","postal_code.200","address.239","street_number.172","route.201","political.91","locality.190","administrative_area_level_2.188","administrative_area_level_1.206","country.206","postal_code.201","address.240","street_number.173","route.202","neighborhood.36","locality.191","administrative_area_level_2.189","administrative_area_level_1.207","country.207","postal_code.202","postal_code_suffix.27","address.241","street_number.174","route.203","political.92","locality.192","administrative_area_level_2.190","administrative_area_level_1.208","country.208","postal_code.203","address.242","route.204","locality.193","administrative_area_level_2.191","administrative_area_level_1.209","country.209","postal_code.204","address.243","street_number.175","route.205","locality.194","administrative_area_level_2.192","administrative_area_level_1.210","country.210","postal_code.205","address.244","street_number.176","route.206","neighborhood.37","locality.195","administrative_area_level_1.211","country.211","postal_code.206","address.245","route.207","locality.196","administrative_area_level_2.193","administrative_area_level_1.212","country.212","postal_code.207","address.246","street_number.177","route.208","political.93","locality.197","administrative_area_level_1.213","country.213","postal_code.208","address.247","street_number.178","route.209","political.94","locality.198","administrative_area_level_2.194","administrative_area_level_1.214","country.214","postal_code.209","address.248","premise.5","street_number.179","route.210","locality.199","administrative_area_level_2.195","administrative_area_level_1.215","country.215","postal_code.210","address.249","address.250","address.251","street_number.180","route.211","neighborhood.38","locality.200","administrative_area_level_3.23","administrative_area_level_2.196","administrative_area_level_1.216","country.216","postal_code.211","address.252","address.253","route.212","locality.201","country.217","postal_code.212","address.254","route.213","neighborhood.39","administrative_area_level_1.217","country.218","address.255","route.214","political.95","locality.202","administrative_area_level_1.218","country.219","postal_code.213","address.256","street_number.181","route.215","political.96","locality.203","administrative_area_level_2.197","administrative_area_level_1.219","country.220","postal_code.214","address.257","street_number.182","route.216","postal_town.4","administrative_area_level_2.198","administrative_area_level_1.220","country.221","postal_code.215","address.258","address.259","street_number.183","route.217","neighborhood.40","locality.204","administrative_area_level_2.199","administrative_area_level_1.221","country.222","postal_code.216","address.260","street_number.184","route.218","neighborhood.41","locality.205","administrative_area_level_2.200","administrative_area_level_1.222","country.223","postal_code.217","address.261","route.219","locality.206","administrative_area_level_2.201","administrative_area_level_1.223","country.224","postal_code.218","address.262","street_number.185","route.220","political.97","locality.207","administrative_area_level_2.202","administrative_area_level_1.224","country.225","postal_code.219","address.263","premise.6","street_number.186","route.221","neighborhood.42","locality.208","administrative_area_level_2.203","administrative_area_level_1.225","country.226","postal_code.220","postal_code_suffix.28","address.264","street_number.187","route.222","locality.209","administrative_area_level_2.204","administrative_area_level_1.226","country.227","postal_code.221","address.265","address.266","route.223","locality.210","administrative_area_level_3.24","administrative_area_level_2.205","administrative_area_level_1.227","country.228","postal_code.222","address.267","premise.7","subpremise","route.224","neighborhood.43","locality.211","administrative_area_level_2.206","administrative_area_level_1.228","country.229","address.268","street_number.188","route.225","neighborhood.44","locality.212","administrative_area_level_2.207","administrative_area_level_1.229","country.230","postal_code.223","address.269","premise.8","street_number.189","route.226","locality.213","postal_town.5","administrative_area_level_2.208","administrative_area_level_1.230","country.231","postal_code.224","address.270","address.271","street_number.190","route.227","neighborhood.45","locality.214","administrative_area_level_2.209","administrative_area_level_1.231","country.232","postal_code.225","address.272","street_number.191","route.228","locality.215","administrative_area_level_2.210","administrative_area_level_1.232","country.233","postal_code.226","postal_code_suffix.29","address.273","street_number.192","route.229","locality.216","administrative_area_level_3.25","administrative_area_level_2.211","administrative_area_level_1.233","country.234","postal_code.227","address.274","route.230","locality.217","postal_town.6","administrative_area_level_2.212","administrative_area_level_1.234","country.235","postal_code.228","address.275","street_number.193","route.231","locality.218","administrative_area_level_3.26","administrative_area_level_2.213","administrative_area_level_1.235","country.236","postal_code.229","postal_code_suffix.30","address.276","address.277","street_number.194","route.232","political.98","locality.219","administrative_area_level_2.214","administrative_area_level_1.236","country.237","postal_code.230","address.278","street_number.195","route.233","political.99","locality.220","administrative_area_level_1.237","country.238","postal_code.231","address.279","street_number.196","route.234","political.100","locality.221","administrative_area_level_2.215","administrative_area_level_1.238","country.239","postal_code.232","address.280","premise.9","neighborhood.46","locality.222","administrative_area_level_2.216","administrative_area_level_1.239","country.240","postal_code.233","address.281","street_number.197","route.235","neighborhood.47","locality.223","administrative_area_level_2.217","administrative_area_level_1.240","country.241","postal_code.234","address.282","street_number.198","route.236","neighborhood.48","locality.224","administrative_area_level_2.218","administrative_area_level_1.241","country.242","postal_code.235","address.283","street_number.199","route.237","political.101","locality.225","administrative_area_level_2.219","administrative_area_level_1.242","country.243","postal_code.236","address.284","street_number.200","route.238","neighborhood.49","locality.226","administrative_area_level_2.220","administrative_area_level_1.243","country.244","postal_code.237","address.285","city_hall.2","street_number.201","route.239","neighborhood.50","political.102","locality.227","administrative_area_level_2.221","administrative_area_level_1.244","country.245","postal_code.238","address.286","street_number.202","route.240","locality.228","administrative_area_level_3.27","administrative_area_level_2.222","administrative_area_level_1.245","country.246","postal_code.239","address.287","street_number.203","route.241","political.103","locality.229","administrative_area_level_2.223","administrative_area_level_1.246","country.247","postal_code.240","address.288","street_number.204","route.242","locality.230","administrative_area_level_2.224","administrative_area_level_1.247","country.248","postal_code.241","address.289","city_hall.3","street_number.205","route.243","neighborhood.51","political.104","locality.231","administrative_area_level_2.225","administrative_area_level_1.248","country.249","postal_code.242","address.290","street_number.206","route.244","locality.232","administrative_area_level_3.28","administrative_area_level_2.226","administrative_area_level_1.249","country.250","postal_code.243","address.291","address.292","street_number.207","route.245","neighborhood.52","locality.233","administrative_area_level_1.250","country.251","postal_code.244","address.293","address.294","street_number.208","route.246","locality.234","administrative_area_level_3.29","administrative_area_level_2.227","administrative_area_level_1.251","country.252","postal_code.245","address.295","establishment.3","street_number.209","route.247","political.105","locality.235","administrative_area_level_2.228","administrative_area_level_1.252","country.253","postal_code.246","address.296","street_number.210","route.248","political.106","locality.236","administrative_area_level_2.229","administrative_area_level_1.253","country.254","postal_code.247","address.297","street_number.211","route.249","neighborhood.53","locality.237","administrative_area_level_2.230","administrative_area_level_1.254","country.255","postal_code.248","address.298","street_number.212","route.250","political.107","locality.238","administrative_area_level_2.231","administrative_area_level_1.255","country.256","postal_code.249","address.299"
"1",NA,NA,NA,"Av. Pres. João Goulart, 380 - Vidigal, Rio de Janeiro - RJ, 22450-242, Brazil","380","Avenida Presidente João Goulart","Vidigal","Rio de Janeiro","Rio de Janeiro","Rio de Janeiro","Brazil","22450-242","300 N Campbell St, El Paso, TX 79901, USA","300","North Campbell Street","El Paso","El Paso County","Texas","United States","79901","1402","Easterfield Rd, Trinidad and Tobago","Easterfield Road","Eastern Tobago","Trinidad and Tobago","Av. Pres. Antônio Carlos, 10 - Centro, Rio de Janeiro - RJ, 20020-010, Brazil","10","Avenida Presidente Antônio Carlos","Centro","Rio de Janeiro","Rio de Janeiro","Rio de Janeiro","Brazil","20020-010","1841 Argyle St, Halifax, NS B3J 3N8, Canada","1841","Argyle Street","South End","Halifax","Halifax","Halifax Regional Municipality","Nova Scotia","Canada","B3J 3N8","Estr. do Engenho, 100-216 - Bangu, Rio de Janeiro - RJ, 21840-526, Brazil","100-216","Estrada do Engenho","Bangu","Rio de Janeiro","Rio de Janeiro","Rio de Janeiro","Brazil","21840-526",NA,"2250 S River Rd, Englewood, FL 34223, USA","2250","South River Road","Englewood","Sarasota County","Florida","United States","34223","Oudezijds Achterburgwal 1921, 1012 DX Amsterdam, Netherlands","1921","Oudezijds Achterburgwal","Amsterdam-Centrum","Amsterdam","Amsterdam","Noord-Holland","Netherlands","1012 DX","6015 W 250 S, Tipton, IN 46072, USA","6015","West 250 South","Tipton","Jefferson Township","Tipton County","Indiana","United States","46072",NA,"390 Old Bremen Rd, Carrollton, GA 30117, USA","390","Old Bremen Road","Carrollton","Carroll County","Georgia","United States","30117","7545","Av. Pres. Antônio Carlos, 10 - Centro, Rio de Janeiro - RJ, 20020-010, Brazil","10","Avenida Presidente Antônio Carlos","Centro","Rio de Janeiro","Rio de Janeiro","Rio de Janeiro","Brazil","20020-010","572-598 Grant St, Pittsburgh, PA 15219, USA","572-598","Grant Street","Downtown","Pittsburgh","Allegheny County","Pennsylvania","United States","15219","101 S Main St, Los Angeles, CA 90012, USA","101","South Main Street","Central LA","Los Angeles","Los Angeles County","California","United States","90012","5835 Lamar Ave, Mission, KS 66202, USA","5835","Lamar Avenue","Mission","Johnson County","Kansas","United States","66202","2648",NA,"1502 Marilla St, Dallas, TX 75201, USA","1502","Marilla Street","Downtown","Dallas","Dallas County","Texas","United States","75201","101 S Main St, Los Angeles, CA 90012, USA","101","South Main Street","Central LA","Los Angeles","Los Angeles County","California","United States","90012","Co Rd A021, Deming, NM 88030, USA","County Road A021","Deming","Luna County","New Mexico","United States","88030","100 Albert St, Ottawa, ON K1P 1A5, Canada","100","Albert Street","Byward Market - Parliament Hill","Ottawa","Ottawa Division","Ontario","Canada","K1P 1A5","sky-Verbrauchermarkt, Weißenburgstraße 15, 24116 Kiel, Germany","sky-Verbrauchermarkt","15","Weißenburgstraße","Schreventeich","Schreventeich - Hasseldieksdamm de Schreventeich","Kiel","Schleswig-Holstein","Germany","24116",NA,"R. Fortaleza, 3 - Praia Saco, Mangaratiba - RJ, 23860-000, Brazil","3","Rua Fortaleza","Praia Saco","Mangaratiba","Mangaratiba","Rio de Janeiro","Brazil","23860-000","5000 Estate Enighed, Independence, KS 67301, USA","5000","Estate Enighed","Independence","Fawn Creek","Montgomery County","Kansas","United States","67301",NA,"R. Barata Ribeiro, 463a - Copacabana, Rio de Janeiro - RJ, 22040-002, Brazil","463a","Rua Barata Ribeiro","Copacabana","Rio de Janeiro","Rio de Janeiro","Rio de Janeiro","Brazil","22040-002","A5, Kilsby, Northampton NN6 7GY, UK","A5","Kilsby","Northampton","Northamptonshire","England","United Kingdom","NN6 7GY","Av. Pres. Antônio Carlos, 10 - Centro, Rio de Janeiro - RJ, 20020-010, Brazil","10","Avenida Presidente Antônio Carlos","Centro","Rio de Janeiro","Rio de Janeiro","Rio de Janeiro","Brazil","20020-010","Aripo Rd, Trinidad and Tobago","Aripo Road","Tunapuna/Piarco Municipal Corporation","Trinidad and Tobago","Av. Pres. Antônio Carlos, 10 - Centro, Rio de Janeiro - RJ, 20020-010, Brazil","10","Avenida Presidente Antônio Carlos","Centro","Rio de Janeiro","Rio de Janeiro","Rio de Janeiro","Brazil","20020-010","Kaiser Dr, New Britain, CT 06053, USA","Kaiser Drive","New Britain","Hartford County","Connecticut","United States","06053","Av. Pres. Antônio Carlos, 10 - Centro, Rio de Janeiro - RJ, 20020-010, Brazil","10","Avenida Presidente Antônio Carlos","Centro","Rio de Janeiro","Rio de Janeiro","Rio de Janeiro","Brazil","20020-010","Av. Pres. Antônio Carlos, 10 - Centro, Rio de Janeiro - RJ, 20020-010, Brazil","10","Avenida Presidente Antônio Carlos","Centro","Rio de Janeiro","Rio de Janeiro","Rio de Janeiro","Brazil","20020-010","Middle St, Sunderland SR1 3DE, UK","Middle Street","Sunderland","Sunderland","Tyne and Wear","England","United Kingdom","SR1 3DE","237 Vauxhall Bridge Rd, Pimlico, London SW1V 1EJ, UK","237","Vauxhall Bridge Road","Pimlico","London","London","Greater London","England","United Kingdom","SW1V 1EJ","Av. Pres. Antônio Carlos, 10 - Centro, Rio de Janeiro - RJ, 20020-010, Brazil","10","Avenida Presidente Antônio Carlos","Centro","Rio de Janeiro","Rio de Janeiro","Rio de Janeiro","Brazil","20020-010","100 Albert St, Ottawa, ON K1P 1A5, Canada","100","Albert Street","Byward Market - Parliament Hill","Ottawa","Ottawa Division","Ontario","Canada","K1P 1A5",NA,NA,"591 S 11th St, Tacoma, WA 98405, USA","591","South 11th Street","New Tacoma","Tacoma","Pierce County","Washington","United States","98405","Av. Pres. Antônio Carlos, 10 - Centro, Rio de Janeiro - RJ, 20020-010, Brazil","10","Avenida Presidente Antônio Carlos","Centro","Rio de Janeiro","Rio de Janeiro","Rio de Janeiro","Brazil","20020-010","Av. Pres. Antônio Carlos, 10 - Centro, Rio de Janeiro - RJ, 20020-010, Brazil","10","Avenida Presidente Antônio Carlos","Centro","Rio de Janeiro","Rio de Janeiro","Rio de Janeiro","Brazil","20020-010","R. Cabo Antônio Carlos Botelho, 2 - Pedra de Guaratiba, Rio de Janeiro - RJ, 23027-015, Brazil","2","Rua Cabo Antônio Carlos Botelho","Pedra de Guaratiba","Rio de Janeiro","Rio de Janeiro","Rio de Janeiro","Brazil","23027-015",NA,"4025 Patterson Lake Rd, Pinckney, MI 48169, USA","4025","Patterson Lake Road","Pinckney","Putnam Township","Livingston County","Michigan","United States","48169","Av. Pres. Antônio Carlos, 10 - Centro, Rio de Janeiro - RJ, 20020-010, Brazil","10","Avenida Presidente Antônio Carlos","Centro","Rio de Janeiro","Rio de Janeiro","Rio de Janeiro","Brazil","20020-010","2630 Croydon Drive, Sanger, CA 93657, USA","2630","Croydon Drive","Sanger","Fresno County","California","United States","93657","555 Essex St, Lynn, MA 01902, USA","555","Essex Street","Lynn","Essex County","Massachusetts","United States","01902","3945","100 Davao - Bukidnon Hwy, Calinan District, Davao City, Davao del Sur, Philippines","100","Davao - Bukidnon Highway","Calinan District","Davao City","Davao del Sur","Davao Region","Philippines","R. Cosmos, 15a - Cosmos, Rio de Janeiro - RJ, 23060-400, Brazil","15a","Rua Cosmos","Cosmos","Rio de Janeiro","Rio de Janeiro","Rio de Janeiro","Brazil","23060-400","R. das Rosas, 980-1042 - Vila Valqueire, Rio de Janeiro - RJ, Brazil","980-1042","Rua das Rosas","Vila Valqueire","Rio de Janeiro","Rio de Janeiro","Rio de Janeiro","Brazil","21330","Via Lagos, 997 - Coqueiros, Iguaba Grande - RJ, 28960-000, Brazil","997","Via Lagos","Coqueiros","Iguaba Grande","Iguaba Grande","Rio de Janeiro","Brazil","28960-000","818 N Carriage Pkwy, Wichita, KS 67208, USA","818","North Carriage Parkway","Wichita","Sedgwick County","Kansas","United States","67208","Av. Pres. Antônio Carlos, 10 - Centro, Rio de Janeiro - RJ, 20020-010, Brazil","10","Avenida Presidente Antônio Carlos","Centro","Rio de Janeiro","Rio de Janeiro","Rio de Janeiro","Brazil","20020-010","Froste Ln, Winters, TX 79567, USA","Froste Lane","Winters","Runnels County","Texas","United States","79567","120 Hereford St, Christchurch Central, Christchurch 8011, New Zealand","120","Hereford Street","Christchurch Central","Christchurch","Canterbury","New Zealand","8011","Co Rd A021, Deming, NM 88030, USA","County Road A021","Deming","Luna County","New Mexico","United States","88030","Viale Palmiro Togliatti, 487b, 00172 Roma RM, Italy","487b","Viale Palmiro Togliatti","Roma","Roma","Città Metropolitana di Roma","Lazio","Italy","00172","Av. Pres. Antônio Carlos, 10 - Centro, Rio de Janeiro - RJ, 20020-010, Brazil","10","Avenida Presidente Antônio Carlos","Centro","Rio de Janeiro","Rio de Janeiro","Rio de Janeiro","Brazil","20020-010","402w Broadway, San Diego, CA 92101, USA","402w","Broadway","Downtown","San Diego","San Diego County","California","United States","92101","1200 Oak St, Kansas City, MO 64106, USA","1200","Oak Street","East Village","Kansas City","Kaw Township","Jackson County","Missouri","United States","64106","5000 Estate Enighed, Independence, KS 67301, USA","5000","Estate Enighed","Independence","Fawn Creek","Montgomery County","Kansas","United States","67301","310 S Federal St, Chicago, IL 60604, USA","310","South Federal Street","Chicago Loop","Chicago","Cook County","Illinois","United States","60604","R. Paiva de Andrade 7, 2560-661 Torres Vedras, Portugal","7","Rua Paiva de Andrade","Torres Vedras","Torres Vedras","Lisboa","Portugal","2560-661","2560","Av. Pres. Antônio Carlos, 10 - Centro, Rio de Janeiro - RJ, 20020-010, Brazil","10","Avenida Presidente Antônio Carlos","Centro","Rio de Janeiro","Rio de Janeiro","Rio de Janeiro","Brazil","20020-010","Av. Pres. Antônio Carlos, 10 - Centro, Rio de Janeiro - RJ, 20020-010, Brazil","10","Avenida Presidente Antônio Carlos","Centro","Rio de Janeiro","Rio de Janeiro","Rio de Janeiro","Brazil","20020-010","655 S 700 E, St George, UT 84770, USA","655","South 700 East","St. George","Washington County","Utah","United States","84770","Vaibhav Laxmi Complex, Gheekanta, Bhadra, Ahmedabad, Gujarat 380001, India","Vaibhav Laxmi Complex","Gheekanta","Bhadra","Ahmedabad","Ahmedabad","Gujarat","India","380001","1175-1177 Goldfinch Ln, Millersville, MD 21108, USA","1175-1177","Goldfinch Lane","Millersville","Hanover","Anne Arundel County","Maryland","United States","21108","2216","R. Basílio de Brito, 1 - Cachambi, Rio de Janeiro - RJ, 20785-000, Brazil","1","Rua Basílio de Brito","Cachambi","Rio de Janeiro","Rio de Janeiro","Rio de Janeiro","Brazil","20785-000","68/282 <U+0E25><U+0E32><U+0E14><U+0E1E><U+0E23><U+0E49><U+0E32><U+0E27> Khwaeng Phlabphla, Khet Wang Thonglang, Krung Thep Maha Nakhon 10312, Thailand","68/282","<U+0E25><U+0E32><U+0E14><U+0E1E><U+0E23><U+0E49><U+0E32><U+0E27>","Khwaeng Phlabphla","Khet Wang Thonglang","Bangkok","Krung Thep Maha Nakhon","Thailand","10312","Unnamed Road, Division No. 18, Unorganized, SK S0J, Canada","Unnamed Road","Division No. 18, Unorganized","Division No. 18","Saskatchewan","Canada","S0J",NA,"26912-26914 Honeymoon Ave, Leesburg, FL 34748, USA","26912-26914","Honeymoon Avenue","Leesburg","Lake County","Florida","United States","34748","9127","Av. Pres. Antônio Carlos, 10 - Centro, Rio de Janeiro - RJ, 20020-010, Brazil","10","Avenida Presidente Antônio Carlos","Centro","Rio de Janeiro","Rio de Janeiro","Rio de Janeiro","Brazil","20020-010",NA,"R. Salmos, 91 - Dr Jose Dos Santos Rocha, Cambé - PR, 86184-030, Brazil","91","Rua Salmos","Dr Jose Dos Santos Rocha","Cambé","Paraná","Brazil","86184030","115 W Main St, Spartanburg, SC 29306, USA","115","West Main Street","Spartanburg","Spartanburg County","South Carolina","United States","29306","2305","Av. Pres. Antônio Carlos, 10 - Centro, Rio de Janeiro - RJ, 20020-010, Brazil","10","Avenida Presidente Antônio Carlos","Centro","Rio de Janeiro","Rio de Janeiro","Rio de Janeiro","Brazil","20020-010","343-399 S Americana Blvd, Boise, ID 83702, USA","343-399","South Americana Boulevard","Boise","Ada County","Idaho","United States","83702","Av. Pres. Antônio Carlos, 10 - Centro, Rio de Janeiro - RJ, 20020-010, Brazil","10","Avenida Presidente Antônio Carlos","Centro","Rio de Janeiro","Rio de Janeiro","Rio de Janeiro","Brazil","20020-010","R. Sirici, 46 - Mal. Hermes, Rio de Janeiro - RJ, 21555-360, Brazil","46","Rua Sirici","Marechal Hermes","Rio de Janeiro","Rio de Janeiro","Rio de Janeiro","Brazil","21555-360","Av. Pres. Antônio Carlos, 10 - Centro, Rio de Janeiro - RJ, 20020-010, Brazil","10","Avenida Presidente Antônio Carlos","Centro","Rio de Janeiro","Rio de Janeiro","Rio de Janeiro","Brazil","20020-010",NA,"1 Scott Cir NW, Washington, DC 20036, USA","1","Scott Circle Northwest","Northwest Washington","Washington","District of Columbia","United States","20036","2921 S Meridian Rd, Meridian, ID 83642, USA","2921","South Meridian Road","Meridian","Ada County","Idaho","United States","83642",NA,"338-352 Bourke St, Melbourne VIC 3004, Australia","338-352","Bourke Street","Melbourne","Melbourne City","Victoria","Australia","3004","R. Conselheiro Galvão, 21 - Madureira, Rio de Janeiro - RJ, Brazil","21","Rua Conselheiro Galvão","Madureira","Rio de Janeiro","Rio de Janeiro","Rio de Janeiro","Brazil","21360","5000 Estate Enighed, Independence, KS 67301, USA","5000","Estate Enighed","Independence","Fawn Creek","Montgomery County","Kansas","United States","67301","1074 Pinnacle Point Dr, Columbia, SC 29223, USA","1074","Pinnacle Point Drive","Columbia","Richland County","South Carolina","United States","29223",NA,"Av. Pres. Antônio Carlos, 10 - Centro, Rio de Janeiro - RJ, 20020-010, Brazil","10","Avenida Presidente Antônio Carlos","Centro","Rio de Janeiro","Rio de Janeiro","Rio de Janeiro","Brazil","20020-010","R. Barão de Tefé, 180-198 - Centro, Duque de Caxias - RJ, Brazil","180-198","Rua Barão de Tefé","Centro","Duque de Caxias","Duque de Caxias","Rio de Janeiro","Brazil","25070","Aripo Rd, Trinidad and Tobago","Aripo Road","Tunapuna/Piarco Municipal Corporation","Trinidad and Tobago","Condomínio do Edifício Ile de France - Rua Uruguai, 413 - Tijuca, Rio de Janeiro - RJ, 20520-060, Brazil","Condomínio do Edifício Ile de France","413","Rua Uruguai","Tijuca","Rio de Janeiro","Rio de Janeiro","Rio de Janeiro","Brazil","20520-060","Unnamed Road, Young, AZ 85554, USA","Unnamed Road","Young","Gila County","Arizona","United States","85554","Av. Pres. Antônio Carlos, 10 - Centro, Rio de Janeiro - RJ, 20020-010, Brazil","10","Avenida Presidente Antônio Carlos","Centro","Rio de Janeiro","Rio de Janeiro","Rio de Janeiro","Brazil","20020-010","R. Ramon Franco, 6 - Urca, Rio de Janeiro - RJ, 22290-290, Brazil","6","Rua Ramon Franco","Urca","Rio de Janeiro","Rio de Janeiro","Rio de Janeiro","Brazil","22290-290",NA,"Cankurtaran Mh., Alemdar Cd., 34110 Fatih/Istanbul, Turkey","Alemdar Caddesi","Cankurtaran Mahallesi","Fatih","Istanbul","Turkey","34110","Av. Pres. Antônio Carlos, 10 - Centro, Rio de Janeiro - RJ, 20020-010, Brazil","10","Avenida Presidente Antônio Carlos","Centro","Rio de Janeiro","Rio de Janeiro","Rio de Janeiro","Brazil","20020-010","Av. Pres. Antônio Carlos, 10 - Centro, Rio de Janeiro - RJ, 20020-010, Brazil","10","Avenida Presidente Antônio Carlos","Centro","Rio de Janeiro","Rio de Janeiro","Rio de Janeiro","Brazil","20020-010","2 Richardson Rd, West Topsham, VT 05086, USA","2","Richardson Road","West Topsham","Orange","Orange County","Vermont","United States","05086",NA,"145-199 Sea Breeze Ave, Brooklyn, NY 11224, USA","145-199","Sea Breeze Avenue","Coney Island","Brooklyn","Kings County","New York","United States","11224","3701",NA,"3 S Center St, Mesa, AZ 85210, USA","3","South Center Street","Mesa","Maricopa County","Arizona","United States","85210","Co Rd A021, Deming, NM 88030, USA","County Road A021","Deming","Luna County","New Mexico","United States","88030","Av. Pres. Antônio Carlos, 10 - Centro, Rio de Janeiro - RJ, 20020-010, Brazil","10","Avenida Presidente Antônio Carlos","Centro","Rio de Janeiro","Rio de Janeiro","Rio de Janeiro","Brazil","20020-010","2610 N Illinois St, Swansea, IL 62226, USA","2610","North Illinois Street","Swansea","St. Clair Township","St. Clair County","Illinois","United States","62226","2325","Av. Pres. Antônio Carlos, 10 - Centro, Rio de Janeiro - RJ, 20020-010, Brazil","10","Avenida Presidente Antônio Carlos","Centro","Rio de Janeiro","Rio de Janeiro","Rio de Janeiro","Brazil","20020-010",NA,"R. Santa Teresa, 64 - Centro, São Paulo - SP, 01016-020, Brazil","64","Rua Santa Teresa","Centro","São Paulo","São Paulo","São Paulo","Brazil","01016-020","92 Union St S, Concord, NC 28025, USA","92","Union Street South","Concord","12, Concord","Cabarrus County","North Carolina","United States","28025","5014","1003 GA-31, Helena, GA 31037, USA","1003","Georgia 31","Helena","Wheeler County","Georgia","United States","31037",NA,"Rua Solon Pinheiro, 174 - Centro, Fortaleza - CE, 60050-040, Brazil","174","Rua Solon Pinheiro","Centro","Fortaleza","Fortaleza","Ceará","Brazil","60050-040","Av fortaleza galpao 07, 573 - itinga, Nova Nazaré - MT, 42700-000, Brazil","573","Av fortaleza galpao 07","itinga","Nova Nazaré","Mato Grosso","Brazil","42700-000","Building BXd, Kingswood NSW 2747, Australia","Building BXd","Kingswood","Penrith City Council","New South Wales","Australia","2747","137 Tuscaloosa St, Gordo, AL 35466, USA","137","Tuscaloosa Street","Gordo","Pickens County","Alabama","United States","35466",NA,"12101-12117 2nd St, Yucaipa, CA 92399, USA","12101-12117","2nd Street","Yucaipa","San Bernardino County","California","United States","92399","4209",NA,"R. Visc. de Ouro Preto, 337 - Centro, Florianópolis - SC, 88020-040, Brazil","337","Rua Visconde de Ouro Preto","Centro","Florianópolis","Florianópolis","Santa Catarina","Brazil","88020-040","301 N First St, Fresno, CA 93702, USA","301","North First Street","Roosevelt","Fresno","Fresno County","California","United States","93702","1 Cambridge St, Boston, MA 02114, USA","1","Cambridge Street","Downtown","Boston","Suffolk County","Massachusetts","United States","02114","Av. Pres. Antônio Carlos, 10 - Centro, Rio de Janeiro - RJ, 20020-010, Brazil","10","Avenida Presidente Antônio Carlos","Centro","Rio de Janeiro","Rio de Janeiro","Rio de Janeiro","Brazil","20020-010","Lorong 8A, Balla Parang, Rappocini, Kota Makassar, Sulawesi Selatan 90232, Indonesia","Lorong 8A","Balla Parang","Rappocini","Kota Makassar","Sulawesi Selatan","Indonesia","90232","Av. Pres. Antônio Carlos, 10 - Centro, Rio de Janeiro - RJ, 20020-010, Brazil","10","Avenida Presidente Antônio Carlos","Centro","Rio de Janeiro","Rio de Janeiro","Rio de Janeiro","Brazil","20020-010","148 Lost Fork Rd, Richmond, KY 40475, USA","148","Lost Fork Road","Richmond","Madison County","Kentucky","United States","40475","Av. Pres. Antônio Carlos, 10 - Centro, Rio de Janeiro - RJ, 20020-010, Brazil","10","Avenida Presidente Antônio Carlos","Centro","Rio de Janeiro","Rio de Janeiro","Rio de Janeiro","Brazil","20020-010","Av. Pres. Antônio Carlos, 10 - Centro, Rio de Janeiro - RJ, 20020-010, Brazil","10","Avenida Presidente Antônio Carlos","Centro","Rio de Janeiro","Rio de Janeiro","Rio de Janeiro","Brazil","20020-010",NA,NA,NA,"Av. Cmte. Bitencourt, 6 - Centro, Nova Friburgo - RJ, Brazil","6","Avenida Comandante Bitencourt","Centro","Nova Friburgo","Nova Friburgo","Rio de Janeiro","Brazil","28625","Av. do Estado, 5334A - Cambuci, São Paulo - SP, Brazil","5334A","Avenida do Estado","Cambuci","São Paulo","São Paulo","São Paulo","Brazil","01520","Froste Ln, Winters, TX 79567, USA","Froste Lane","Winters","Runnels County","Texas","United States","79567","1275 S Memorial Dr, Tulsa, OK 74112, USA","1275","South Memorial Drive","Tulsa","Tulsa County","Oklahoma","United States","74112","6004","16 Avenue du Québec, 91961 Courtabuf Cedex, France","16","Avenue du Québec","Courtabuf Cedex","Creuse","Nouvelle-Aquitaine","France","91961","Rua Engenheiro Lafayette Stockler, 554-566 - Vila da Penha, Rio de Janeiro - RJ, 21221-390, Brazil","554-566","Rua Engenheiro Lafayette Stockler","Vila da Penha","Rio de Janeiro","Rio de Janeiro","Rio de Janeiro","Brazil","21221-390","Cond Edifício Saveiro - Av. Sernambetiba, 1876 - Barra da Tijuca, Rio de Janeiro - RJ, 22700-000, Brazil","Cond Edifício Saveiro","1876","Avenida Sernambetiba","Barra da Tijuca","Rio de Janeiro","Rio de Janeiro","Rio de Janeiro","Brazil","22700-000","21 S G St, Toppenish, WA 98948, USA","21","South G Street","Toppenish","Yakima County","Washington","United States","98948","1747","117 Milwich Rd, Stafford ST18, UK","117","Milwich Road","Stafford","Staffordshire","England","United Kingdom","ST18","100 S Galloway Ave, Mesquite, TX 75149, USA","100","South Galloway Avenue","Original Town Mesquite","Mesquite","Dallas County","Texas","United States","75149","4330",NA,"5000 Estate Enighed, Independence, KS 67301, USA","5000","Estate Enighed","Independence","Fawn Creek","Montgomery County","Kansas","United States","67301","Mucajaí - State of Roraima, 69340-000, Brazil","69340-000","Mucajaí","State of Roraima","Brazil",NA,"Co Rd A021, Deming, NM 88030, USA","County Road A021","Deming","Luna County","New Mexico","United States","88030",NA,"Co Rd A021, Deming, NM 88030, USA","County Road A021","Deming","Luna County","New Mexico","United States","88030","1075 Lacy Creek Rd, Salyersville, KY 41465, USA","1075","Lacy Creek Road","Salyersville","Magoffin County","Kentucky","United States","41465","533 S Rockford Ave, Tulsa, OK 74120, USA","533","South Rockford Avenue","Central Park","Tulsa","Tulsa County","Oklahoma","United States","74120","4015","R. Barão de Tefé, 180-198 - Centro, Duque de Caxias - RJ, Brazil","180-198","Rua Barão de Tefé","Centro","Duque de Caxias","Duque de Caxias","Rio de Janeiro","Brazil","25070","Av. Macário Pinto Lopes, 2-138 - Vila Nova, Cabo Frio - RJ, Brazil","2-138","Avenida Macário Pinto Lopes","Vila Nova","Cabo Frio","Cabo Frio","Rio de Janeiro","Brazil","28905","Livingston Lake Rd, Frostproof, FL 33843, USA","Livingston Lake Road","Frostproof","Polk County","Florida","United States","33843","819 Thornton Pkwy, Denver, CO 80229, USA","819","Thornton Parkway","Denver","Adams County","Colorado","United States","80229","3681","1451 Bannock St, Denver, CO 80202, USA","1451","Bannock Street","Central","Denver","Denver County","Colorado","United States","80202","84, Nemai Tirtha Rd, Baidyapara, Baidyabati, West Bengal 712222, India","84","Nemai Tirtha Road","Baidyapara","Baidyabati","Hooghly","West Bengal","India","712222","100 Rivendell Dr, Benton, AR 72019, USA","100","Rivendell Drive","Benton","Bauxite Township","Saline County","Arkansas","United States","72019","9188","BLM Rd 6164-0-F0, Riley, OR 97758, USA","BLM Road 6164-0-F0","Riley","Lake County","Oregon","United States","97758","1451 Bannock St, Denver, CO 80202, USA","1451","Bannock Street","Central","Denver","Denver County","Colorado","United States","80202","1392 Kings Rd, Sydney, NS B1S 1E4, Canada","1392","Kings Road","Sydney","Cape Breton","Cape Breton Regional Municipality","Nova Scotia","Canada","B1S 1E4","1891 Oakmount Rd, South Euclid, OH 44121, USA","1891","Oakmount Road","South Euclid","Cuyahoga County","Ohio","United States","44121","4055","900 University Ave, Riverside, CA 92507, USA","900","University Avenue","University","Riverside","Riverside County","California","United States","92507","511 N Albany St, Ithaca, NY 14850, USA","511","North Albany Street","Ithaca","Tompkins County","New York","United States","14850","4065","4 Willis St, Wellington, 6011, New Zealand","4","Willis Street","Wellington","Wellington","Wellington","New Zealand","6011","Olaya St, Al Olaya, Riyadh 12251, Saudi Arabia","Olaya Street","Al Olaya","Riyadh","Riyadh Province","Saudi Arabia","12251","5000 Estate Enighed, Independence, KS 67301, USA","5000","Estate Enighed","Independence","Fawn Creek","Montgomery County","Kansas","United States","67301","1502 Marilla St, Dallas, TX 75201, USA","1502","Marilla Street","Downtown","Dallas","Dallas County","Texas","United States","75201","City Hall, 1200 Market St, St. Louis, MO 63103, USA","City Hall","1200","Market Street","Downtown West","St. Louis","Missouri","United States","63103","34500 US-20, Brothers, OR 97712, USA","34500","U.S. 20","Brothers","Deschutes County","Oregon","United States","97712","954-1028 Concord Rd, Sudbury, MA 01776, USA","954-1028","Concord Road","Sudbury","Middlesex County","Massachusetts","United States","01776","1134","Av. Pres. Antônio Carlos, 10 - Centro, Rio de Janeiro - RJ, 20020-010, Brazil","10","Avenida Presidente Antônio Carlos","Centro","Rio de Janeiro","Rio de Janeiro","Rio de Janeiro","Brazil","20020-010",NA,"Av. Pres. Antônio Carlos, 10 - Centro, Rio de Janeiro - RJ, 20020-010, Brazil","10","Avenida Presidente Antônio Carlos","Centro","Rio de Janeiro","Rio de Janeiro","Rio de Janeiro","Brazil","20020-010","Av. Pres. Antônio Carlos, 10 - Centro, Rio de Janeiro - RJ, 20020-010, Brazil","10","Avenida Presidente Antônio Carlos","Centro","Rio de Janeiro","Rio de Janeiro","Rio de Janeiro","Brazil","20020-010","5000 Estate Enighed, Independence, KS 67301, USA","5000","Estate Enighed","Independence","Fawn Creek","Montgomery County","Kansas","United States","67301","Av. Pres. Antônio Carlos, 10 - Centro, Rio de Janeiro - RJ, 20020-010, Brazil","10","Avenida Presidente Antônio Carlos","Centro","Rio de Janeiro","Rio de Janeiro","Rio de Janeiro","Brazil","20020-010","4300 E Sunrise Dr, Tucson, AZ 85718, USA","4300","East Sunrise Drive","Tucson","Pima County","Arizona","United States","85718","4300","Jalan PJU 1a/1, Pju 1a, 47410 Petaling Jaya, Selangor, Malaysia","Jalan PJU 1a/1","Pju 1a","Petaling Jaya","Selangor","Malaysia","47410","345 McCoy Rd, Apex, NC 27523, USA","345","McCoy Road","Apex","New Hope","Chatham County","North Carolina","United States","27523","5622","Av. Pres. Antônio Carlos, 10 - Centro, Rio de Janeiro - RJ, 20020-010, Brazil","10","Avenida Presidente Antônio Carlos","Centro","Rio de Janeiro","Rio de Janeiro","Rio de Janeiro","Brazil","20020-010","Unnamed Road, Billa Kalina SA 5720, Australia","Unnamed Road","Billa Kalina","South Australia","Australia","5720","700 E Main St, Charlottesville, VA 22902, USA","700","East Main Street","Downtown Mall","Charlottesville","Virginia","United States","22902","6801","Av. Pres. Antônio Carlos, 10 - Centro, Rio de Janeiro - RJ, 20020-010, Brazil","10","Avenida Presidente Antônio Carlos","Centro","Rio de Janeiro","Rio de Janeiro","Rio de Janeiro","Brazil","20020-010","Av. Pres. Antônio Carlos, 10 - Centro, Rio de Janeiro - RJ, 20020-010, Brazil","10","Avenida Presidente Antônio Carlos","Centro","Rio de Janeiro","Rio de Janeiro","Rio de Janeiro","Brazil","20020-010","5835 Lamar Ave, Mission, KS 66202, USA","5835","Lamar Avenue","Mission","Johnson County","Kansas","United States","66202","2648","Viaduto Eng. Noronha, 230 - Laranjeiras, Rio de Janeiro - RJ, Brazil","230","Viaduto Engenheiro Noronha","Laranjeiras","Rio de Janeiro","Rio de Janeiro","Rio de Janeiro","Brazil","22240","16 Green Haven Bay, Faribault, MN 55021, USA","16","Greenhaven Bay","Faribault","Rice County","Minnesota","United States","55021","9237","Skórka 13, 95-045 Skórka, Poland","13","Skórka","zgierski","województwo lódzkie","Poland","95-045","Av. Pres. Antônio Carlos, 10 - Centro, Rio de Janeiro - RJ, 20020-010, Brazil","10","Avenida Presidente Antônio Carlos","Centro","Rio de Janeiro","Rio de Janeiro","Rio de Janeiro","Brazil","20020-010",NA,"Av. Jansen de Melo, 526-556 - Centro, Niterói - RJ, 24030-220, Brazil","526-556","Avenida Jansen de Melo","Centro","Niterói","Niterói","Rio de Janeiro","Brazil","24030-220",NA,"58 Brooklyn Ave, Brooklyn, NY 11216, USA","58","Brooklyn Avenue","Crown Heights","Brooklyn","Kings County","New York","United States","11216","4 Willis St, Wellington, 6011, New Zealand","4","Willis Street","Wellington","Wellington","Wellington","New Zealand","6011","8931 Ellis Ave, Los Angeles, CA 90034, USA","8931","Ellis Avenue","Palms","Los Angeles","Los Angeles County","California","United States","90034","3336","New York City Hall, 11 Centre St, New York, NY 10007, USA","New York City Hall","11","Centre Street","Lower Manhattan","Manhattan","New York","New York County","New York","United States","10007","101 S Main St, Los Angeles, CA 90012, USA","101","South Main Street","Central LA","Los Angeles","Los Angeles County","California","United States","90012","Unnamed Road, Pte. Alta do Norte - SC, 89535-000, Brazil","Unnamed Road","Ponte Alta do Norte","Santa Catarina","Brazil","89535-000","Viaduto Eng. Noronha, 230 - Laranjeiras, Rio de Janeiro - RJ, Brazil","230","Viaduto Engenheiro Noronha","Laranjeiras","Rio de Janeiro","Rio de Janeiro","Rio de Janeiro","Brazil","22240","1500 PA-3, Philadelphia, PA 19102, USA","1500","Pennsylvania 3","Center City","Philadelphia","Philadelphia County","Pennsylvania","United States","19102","R. Central, 5300, Portugal","Rua Central","Bragança","Portugal","5300","5 Main St, Nashua, NH 03064, USA","5","Main Street","Nashua","Hillsborough County","New Hampshire","United States","03064","425 E Washington St, Ann Arbor, MI 48104, USA","425","East Washington Street","Ann Arbor","Washtenaw County","Michigan","United States","48104","NE-92, Anselmo, NE 68813, USA","Nebraska 92","Anselmo","Cliff","Custer County","Nebraska","United States","68813",NA,"R. Barata Ribeiro, 463a - Copacabana, Rio de Janeiro - RJ, 22040-002, Brazil","463a","Rua Barata Ribeiro","Copacabana","Rio de Janeiro","Rio de Janeiro","Rio de Janeiro","Brazil","22040-002","655 Pass Rd, Shelbyville, TN 37160, USA","655","Pass Road","Shelbyville","Bedford County","Tennessee","United States","37160","1 Scott Cir NW, Washington, DC 20036, USA","1","Scott Circle Northwest","Northwest Washington","Washington","District of Columbia","United States","20036","22 W Washington St, Phoenix, AZ 85004, USA","22","West Washington Street","Central City","Phoenix","Maricopa County","Arizona","United States","85004","76 Main St, Pialba QLD 4655, Australia","76","Main Street","Pialba","Fraser Coast Regional","Queensland","Australia","4655","R. Maj. Cícero de Góes Monteiro, 163 - Centro, Pelotas - RS, 96015-190, Brazil","163","Rua Major Cícero de Góes Monteiro","Centro","Pelotas","Pelotas","Rio Grande do Sul","Brazil","96015-190","201-211 E Fayette St, Baltimore, MD 21202, USA","201-211","East Fayette Street","Downtown","Baltimore","Maryland","United States","21202","18 W 27th St, New York, NY 10001, USA","18","West 27th Street","Midtown","Manhattan","New York","New York County","New York","United States","10001","New York City Hall, 11 Centre St, New York, NY 10007, USA","New York City Hall","11","Centre Street","Lower Manhattan","Manhattan","New York","New York County","New York","United States","10007","165 Peanut Ridge Rd, McRae, AR 72102, USA","165","Peanut Ridge Road","McRae","Cane Township","White County","Arkansas","United States","72102","Av. Pres. Antônio Carlos, 10 - Centro, Rio de Janeiro - RJ, 20020-010, Brazil","10","Avenida Presidente Antônio Carlos","Centro","Rio de Janeiro","Rio de Janeiro","Rio de Janeiro","Brazil","20020-010","R. Barata Ribeiro, 463a - Copacabana, Rio de Janeiro - RJ, 22040-002, Brazil","463a","Rua Barata Ribeiro","Copacabana","Rio de Janeiro","Rio de Janeiro","Rio de Janeiro","Brazil","22040-002","error, Peru","error","Mariscal Cáceres","San Martín","Peru","Viaduto Eng. Noronha, 230 - Laranjeiras, Rio de Janeiro - RJ, Brazil","230","Viaduto Engenheiro Noronha","Laranjeiras","Rio de Janeiro","Rio de Janeiro","Rio de Janeiro","Brazil","22240","Av. Pres. Antônio Carlos, 10 - Centro, Rio de Janeiro - RJ, 20020-010, Brazil","10","Avenida Presidente Antônio Carlos","Centro","Rio de Janeiro","Rio de Janeiro","Rio de Janeiro","Brazil","20020-010","224 KS-2, Anthony, KS 67003, USA","224","Kansas 2","Anthony","3","Harper County","Kansas","United States","67003","Unnamed Road, Millet, St Lucia","Unnamed Road","Millet","Anse La Raye","Saint Lucia","Georgia State Capitol, Atlanta, GA 30334, USA","Georgia State Capitol","Downtown","Atlanta","Fulton County","Georgia","United States","30334","FM773, Murchison, TX 75778, USA","Farm to Market Road 773","Murchison","Van Zandt County","Texas","United States","75778","Unnamed Road, Division No. 18, Unorganized, SK S0J, Canada","Unnamed Road","Division No. 18, Unorganized","Division No. 18","Saskatchewan","Canada","S0J","4680 Garrard Rd, Whitby, ON L1R 3K8, Canada","4680","Garrard Road","Whitby","Durham Regional Municipality","Ontario","Canada","L1R 3K8","Av. Pres. Antônio Carlos, 10 - Centro, Rio de Janeiro - RJ, 20020-010, Brazil","10","Avenida Presidente Antônio Carlos","Centro","Rio de Janeiro","Rio de Janeiro","Rio de Janeiro","Brazil","20020-010","Av. San Ignacio, 11, 31002 Pamplona, Navarra, Spain","11","Avenida San Ignacio","Pamplona","Navarra","Navarra","Spain","31002","1156 Fox Meadow Dr, Alvin, TX 77511, USA","1156","Fox Meadow Drive","Alvin","Brazoria County","Texas","United States","77511","8535","Av. Pres. Antônio Carlos, 10 - Centro, Rio de Janeiro - RJ, 20020-010, Brazil","10","Avenida Presidente Antônio Carlos","Centro","Rio de Janeiro","Rio de Janeiro","Rio de Janeiro","Brazil","20020-010","Viaduto Eng. Noronha, 230 - Laranjeiras, Rio de Janeiro - RJ, Brazil","230","Viaduto Engenheiro Noronha","Laranjeiras","Rio de Janeiro","Rio de Janeiro","Rio de Janeiro","Brazil","22240","354 N Virginia St, Reno, NV 89501, USA","354","North Virginia Street","Downtown","Reno","Washoe County","Nevada","United States","89501","1137","R. Rio de Janeiro, 129 - Jardim America, Caxias do Sul - RS, 95050-410, Brazil","129","Rua Rio de Janeiro","Jardim America","Caxias do Sul","Caxias do Sul","Rio Grande do Sul","Brazil","95050-410","Froste Ln, Winters, TX 79567, USA","Froste Lane","Winters","Runnels County","Texas","United States","79567","Van Weerden Poelmanweg 220, 3768 Soest, Netherlands","220","Van Weerden Poelmanweg","Soest","Soest","Utrecht","Netherlands","3768","201-211 E Fayette St, Baltimore, MD 21202, USA","201-211","East Fayette Street","Downtown","Baltimore","Maryland","United States","21202","Unnamed Road, Willard, NM 87063, USA","Unnamed Road","Willard","Torrance County","New Mexico","United States","87063","1, Jalan Merdeka, Taman Costa Mahkota, 75000 Melaka, Malaysia","1","Jalan Merdeka","Taman Costa Mahkota","Melaka","Melaka","Malaysia","75000","Av. Jansen de Melo, 526-556 - Centro, Niterói - RJ, 24030-220, Brazil","526-556","Avenida Jansen de Melo","Centro","Niterói","Niterói","Rio de Janeiro","Brazil","24030-220","H, 1643 North Harrison Parkway, Fort Lauderdale, FL 33323, USA","H","1643","North Harrison Parkway","Fort Lauderdale","Broward County","Florida","United States","33323",NA,NA,"1200 Oak St, Kansas City, MO 64106, USA","1200","Oak Street","East Village","Kansas City","Kaw Township","Jackson County","Missouri","United States","64106",NA,"Pusztavacs, 4607, 2378 Hungary","4607","Pusztavacs","Hungary","2378","Rte Twisk, Tai Mo Shan, Hong Kong","Route Twisk","Tai Mo Shan","New Territories","Hong Kong","3rd Ring Rd, An Nasim, Mecca 24241, Saudi Arabia","3rd Ring Road","An Nasim","Mecca","Makkah Province","Saudi Arabia","24241","Av. Pres. Antônio Carlos, 10 - Centro, Rio de Janeiro - RJ, 20020-010, Brazil","10","Avenida Presidente Antônio Carlos","Centro","Rio de Janeiro","Rio de Janeiro","Rio de Janeiro","Brazil","20020-010","39-41 high streets peterport, Moffat GY1 2JT, UK","39-41","high streets peterport","Moffat","Dumfries and Galloway","Scotland","United Kingdom","GY1 2JT",NA,"100 Albert St, Ottawa, ON K1P 1A5, Canada","100","Albert Street","Byward Market - Parliament Hill","Ottawa","Ottawa Division","Ontario","Canada","K1P 1A5","100 Albert St, Ottawa, ON K1P 1A5, Canada","100","Albert Street","Byward Market - Parliament Hill","Ottawa","Ottawa Division","Ontario","Canada","K1P 1A5","Co Rd 1038, Dillon, CO 80435, USA","County Road 1038","Dillon","Park County","Colorado","United States","80435","Estrada Francisco da Cruz Nunes, 1980 - Itaipu, Niterói - RJ, Brazil","1980","Estrada Francisco da Cruz Nunes","Itaipu","Niterói","Niterói","Rio de Janeiro","Brazil","24342","Connecticut State Capitol, 210 Capitol Ave, Hartford, CT 06106, USA","Connecticut State Capitol","210","Capitol Avenue","Downtown","Hartford","Hartford County","Connecticut","United States","06106","1568","14 US-322 BUS, West Chester, PA 19380, USA","14","U.S. 322 Business","West Chester","Chester County","Pennsylvania","United States","19380",NA,"Unnamed Road, Kennebec, SD 57544, USA","Unnamed Road","Kennebec","Northwest Lyman","Lyman County","South Dakota","United States","57544","Apartment 3, Mardyke Hall, Mardyke Walk, Mardyke, Cork, Ireland","Mardyke Hall","Apartment 3","Mardyke Walk","Mardyke","Cork","Cork City","County Cork","Ireland","1200 W Walker Tunnel, Houston, TX 77002, USA","1200","West Walker Tunnel","Downtown","Houston","Harris County","Texas","United States","77002","Buchanan galleries, 220 Buchanan St, Glasgow G1 2FF, UK","Buchanan galleries","220","Buchanan Street","Glasgow","Glasgow","Glasgow City","Scotland","United Kingdom","G1 2FF",NA,"395 Main St, Salt Lake City, UT 84111, USA","395","Main Street","Downtown","Salt Lake City","Salt Lake County","Utah","United States","84111","12101-12117 2nd St, Yucaipa, CA 92399, USA","12101-12117","2nd Street","Yucaipa","San Bernardino County","California","United States","92399","4209","1473-1793 Kilbourne-Cardington Rd, Ashley, OH 43003, USA","1473-1793","Kilbourne-Cardington Road","Ashley","Peru Township","Morrow County","Ohio","United States","43003","A4, London WC2N 5DU, UK","A4","London","London","Greater London","England","United Kingdom","WC2N 5DU","1951 PA-462, Lancaster, PA 17602, USA","1951","Pennsylvania 462","Lancaster","East Lampeter Township","Lancaster County","Pennsylvania","United States","17602","3343",NA,"Av. Pres. Antônio Carlos, 10 - Centro, Rio de Janeiro - RJ, 20020-010, Brazil","10","Avenida Presidente Antônio Carlos","Centro","Rio de Janeiro","Rio de Janeiro","Rio de Janeiro","Brazil","20020-010","97, Lebuh Kimberley, George Town, 10100 George Town, Pulau Pinang, Malaysia","97","Lebuh Kimberley","George Town","George Town","Pulau Pinang","Malaysia","10100","Av. Pres. Antônio Carlos, 10 - Centro, Rio de Janeiro - RJ, 20020-010, Brazil","10","Avenida Presidente Antônio Carlos","Centro","Rio de Janeiro","Rio de Janeiro","Rio de Janeiro","Brazil","20020-010","Georgia State Capitol, Atlanta, GA 30334, USA","Georgia State Capitol","Downtown","Atlanta","Fulton County","Georgia","United States","30334","100 Albert St, Ottawa, ON K1P 1A5, Canada","100","Albert Street","Byward Market - Parliament Hill","Ottawa","Ottawa Division","Ontario","Canada","K1P 1A5","100-152 N Pine St, Florence, AL 35630, USA","100-152","North Pine Street","West Florence","Florence","Lauderdale County","Alabama","United States","35630","R. Alan Kardec, 32 - Divino Espírito Santo, Vila Velha - ES, 29107-240, Brazil","32","Rua Alan Kardec","Divino Espírito Santo","Vila Velha","Vila Velha","Espírito Santo","Brazil","29107-240","501-551 Center St NE, Salem, OR 97301, USA","501-551","Center Street Northeast","Central Area","Salem","Marion County","Oregon","United States","97301","New York City Hall, 11 Centre St, New York, NY 10007, USA","New York City Hall","11","Centre Street","Lower Manhattan","Manhattan","New York","New York County","New York","United States","10007","1025 LA-1181, Plaucheville, LA 71362, USA","1025","Louisiana 1181","Plaucheville","7","Avoyelles Parish","Louisiana","United States","71362","Av. Pres. Antônio Carlos, 10 - Centro, Rio de Janeiro - RJ, 20020-010, Brazil","10","Avenida Presidente Antônio Carlos","Centro","Rio de Janeiro","Rio de Janeiro","Rio de Janeiro","Brazil","20020-010","2505 Mill Center Pkwy, Buford, GA 30518, USA","2505","Mill Center Parkway","Buford","Gwinnett County","Georgia","United States","30518","New York City Hall, 11 Centre St, New York, NY 10007, USA","New York City Hall","11","Centre Street","Lower Manhattan","Manhattan","New York","New York County","New York","United States","10007","Piazza del Duomo, 110, 20122 Milano MI, Italy","110","Piazza del Duomo","Milano","Milano","Città Metropolitana di Milano","Lombardia","Italy","20122",NA,"1 Scott Cir NW, Washington, DC 20036, USA","1","Scott Circle Northwest","Northwest Washington","Washington","District of Columbia","United States","20036",NA,"4025 Patterson Lake Rd, Pinckney, MI 48169, USA","4025","Patterson Lake Road","Pinckney","Putnam Township","Livingston County","Michigan","United States","48169","Condomínio do Edifício Ile de France - Rua Uruguai, 413 - Tijuca, Rio de Janeiro - RJ, 20520-060, Brazil","Condomínio do Edifício Ile de France","413","Rua Uruguai","Tijuca","Rio de Janeiro","Rio de Janeiro","Rio de Janeiro","Brazil","20520-060","Av. Pres. Antônio Carlos, 10 - Centro, Rio de Janeiro - RJ, 20020-010, Brazil","10","Avenida Presidente Antônio Carlos","Centro","Rio de Janeiro","Rio de Janeiro","Rio de Janeiro","Brazil","20020-010","1200 W Walker Tunnel, Houston, TX 77002, USA","1200","West Walker Tunnel","Downtown","Houston","Harris County","Texas","United States","77002","R. Alan Kardec, 32 - Divino Espírito Santo, Vila Velha - ES, 29107-240, Brazil","32","Rua Alan Kardec","Divino Espírito Santo","Vila Velha","Vila Velha","Espírito Santo","Brazil","29107-240",NA
